,1,2,3,4,5,6,7,8,9,10,11,12,13,14,15,16,17,18,19,20,21,22,23,24,25,26,27,28,29,30,31,32,33,34,35,36,37,38,39,40,41,42,43,44,45,46,47,48,49,50,51,52,53,54,55,56,57,58,59,60,61,62,63,64,65,66,67,68,69,70,71,72,73,74,75,76,77,78,79,80,81,82,83,84
1,1.0000001,0.39100483,0.20374966,0.13383526,0.12740767,0.26140144,0.29480788,0.052305683,0.323717,0.2193298,0.24046093,0.31318983,0.31628272,0.2368711,0.31411895,0.31877425,0.31733012,0.38720945,0.2794599,0.49139425,0.124246076,0.002424487,0.32159856,0.35063824,0.27002445,0.41585344,0.19727457,0.19235186,0.29537413,0.33000642,0.38355154,0.33506796,0.2778744,0.10870779,0.1871474,0.13463186,0.15398915,0.34989595,0.3008323,0.2020112,0.4390785,0.30309463,0.28619927,0.19496758,0.40150958,0.23915587,0.26865748,0.35427505,0.25794703,0.26438066,0.28904688,0.05335993,0.3484505,0.325008,0.33641273,0.26568958,0.21941836,0.335259,0.4942883,0.34607846,0.33195847,0.27407685,0.15517522,0.28856105,0.22600701,0.3087772,0.25779232,0.15422693,0.3805953,0.29228148,0.36584282,0.21817072,0.30500382,0.45075193,0.07310248,0.26338324,0.15359317,0.30036432,0.14066125,0.39074078,0.3003582,0.21024546,0.055776913,0.47915834
2,0.39100483,1.0000001,0.24221088,0.24851424,0.22635683,0.28156725,0.39052433,0.12864394,0.18243758,0.36470562,0.22858195,0.39971012,0.34339812,0.37613901,0.28433976,0.41868508,0.34927687,0.2699726,0.31875125,0.48220253,0.35240057,0.050432775,0.2826783,0.41027486,0.2820279,0.36884862,0.22217253,0.28305224,0.2713874,0.37223822,0.39509743,0.30259746,0.24457008,0.15179141,0.2427838,0.16002727,0.19963883,0.42064926,0.34980598,0.22848055,0.4394814,0.3063088,0.40148342,0.24385299,0.49064797,0.37466002,0.23312964,0.15819313,0.2527472,0.29544103,0.23075499,0.1950377,0.37655064,0.32147542,0.35277525,0.20719214,0.26163125,0.36300954,0.2156354,0.38417578,0.3614867,0.356535,0.10556318,0.30447987,0.31138176,0.3496553,0.16373095,0.18687993,0.35732123,0.22580624,0.40289357,0.2539388,0.35188323,0.32128468,0.13233145,0.25475508,0.08330937,0.25311884,0.24961281,0.34566253,0.32942444,0.24325727,0.08085437,0.38384262
3,0.20374966,0.24221088,1.0000001,0.107627764,0.07030811,0.025088815,0.20123917,0.21473676,0.25418606,0.14731044,0.24119374,0.15962437,0.27029434,0.1360023,0.10226176,0.25030142,0.43097258,0.13132429,0.21875754,0.21003099,0.18897784,0.1739972,0.06796567,0.13507637,0.11864283,0.18789977,0.13840263,0.35142735,0.10079165,0.16003482,0.25706837,0.113253295,0.110694595,0.076177046,0.13868684,0.13029656,0.065084115,0.25535864,0.3301693,0.11705879,0.12708877,0.25941724,0.21898475,0.22968055,0.11617728,0.41947335,0.08762767,0.101492174,0.24043918,0.17581423,0.09334154,0.30386275,0.18408431,0.06694764,0.25641093,0.20966232,-0.00991567,0.21256712,0.19014552,0.24417949,0.2041335,0.18253143,0.08181967,0.17223854,0.27156734,0.08563409,0.12824479,0.039176017,0.3039695,0.33927995,0.15806723,0.13623482,0.18831648,0.21901387,0.018333323,-0.0102687925,0.047380798,0.11690368,0.14045772,0.1770032,0.22450364,0.03241223,0.041057784,0.26069564
4,0.13383526,0.24851424,0.107627764,1.0000001,0.22990088,0.3563594,0.14109944,0.15679199,0.1902856,0.30297568,0.14459768,0.11881982,0.26858655,0.21712852,0.1496868,0.30281404,0.14564803,0.071011014,0.35685527,0.25862792,0.26955473,0.16995837,0.1598023,0.13637146,0.31532255,0.3687982,0.1982732,0.2190733,0.16128856,0.08676113,0.21988682,0.18035588,0.3005931,0.108991,0.2568006,0.29015997,0.1359858,0.21115974,0.15681982,0.21832068,0.30743578,0.1560263,0.32157734,0.46871015,0.08368188,0.128069,0.14832215,0.25672752,0.3184597,0.28167614,0.07398393,0.31465766,0.30466616,0.12352882,0.110894084,0.038831465,0.04796254,0.08606422,0.18206058,0.41241735,0.2789295,0.1806147,0.4017717,0.20688649,0.09199771,0.12412778,0.1490924,0.20093292,0.25395295,0.23586044,0.26801705,0.27200767,0.19771856,0.09396745,0.4395928,0.18440787,0.11088979,0.3694477,0.20606998,0.29950488,0.19632453,0.22635637,0.14488843,0.22204244
5,0.12740767,0.22635683,0.07030811,0.22990088,1.0,0.16416934,0.33225542,0.1385533,0.094822414,0.14244868,0.11699718,0.3317682,0.1719404,0.13990037,0.23294446,0.13166682,0.06006725,0.10670327,0.32362598,0.21556608,0.21508364,-0.05349469,0.14351879,0.10142108,0.16593656,0.19261658,0.10196684,0.07632635,0.21626669,0.31746513,0.12907718,0.2697407,0.110408954,-0.06992135,0.17018612,0.000819721,0.06969927,0.09619535,0.10745798,0.2381854,0.16477013,0.182303,0.146786,0.1845768,0.11510738,-0.015433918,0.22193532,0.108462036,0.09334735,0.10934416,0.19231075,0.060520478,0.36452782,0.3149789,0.10696988,0.17577209,0.06590632,0.093373545,0.07893191,0.18274915,0.13078676,0.3086235,0.14942731,0.21198976,0.15107225,0.114783034,0.22907759,0.13228631,0.20691225,0.019698275,0.24291304,0.30798793,0.13950591,0.07666325,0.11255025,0.18206936,0.09881111,0.16926843,0.16950431,0.21979426,0.3066458,0.19009429,0.12867552,0.20021585
6,0.26140144,0.28156725,0.025088815,0.3563594,0.16416934,1.0,0.11966183,0.08563404,0.11100652,0.40776628,0.18689965,0.24530482,0.36210415,0.33334094,0.3054176,0.21485354,0.31831637,0.15777418,0.4487153,0.36074173,0.20304422,0.03142392,0.29002035,0.2545349,0.25778735,0.26976264,0.07767942,0.2968396,0.21400121,0.12817289,0.21605463,0.39139187,0.28511104,0.19441743,0.20853654,0.32823837,0.18251471,0.2770179,0.21090248,0.12091367,0.6009693,0.24742976,0.39773753,0.17849293,0.25468054,0.19355813,0.2187638,0.29905897,0.32355043,0.342735,0.19341286,0.29160917,0.3100191,0.20355362,0.34646592,0.052421786,0.32532954,0.2599672,0.28986946,0.24952838,0.33563516,0.22823839,0.2117651,0.31144923,0.1273069,0.33063936,0.31134793,0.24433137,0.27381504,0.1882599,0.40960133,0.19587262,0.41129643,0.2832275,0.16467014,0.26452932,0.20422329,0.45839354,0.13171455,0.46249816,0.23061982,0.2813869,0.05733645,0.28235373
7,0.29480788,0.39052433,0.20123917,0.14109944,0.33225542,0.11966183,1.0000001,0.099048615,0.24429293,0.20028567,0.14591521,0.3622089,0.27935332,0.31971782,0.34800023,0.32873318,0.22539248,0.20794949,0.28764233,0.36220324,0.17946875,-0.045434486,0.22303846,0.43212697,0.19231041,0.34815726,0.22960141,0.19798166,0.19972399,0.61908245,0.46631113,0.19380169,0.26792237,0.027992677,0.17285074,0.023879042,0.20429897,0.37808284,0.19186622,0.3490337,0.28084806,0.19828255,0.34817636,0.2325762,0.3296589,0.1505592,0.22115842,0.26256728,0.21030524,0.28360087,0.37643644,0.17308402,0.31104887,0.35032624,0.32074136,0.34585893,0.15519804,0.2221692,0.1887409,0.3308382,0.30951017,0.29285064,0.08081514,0.24418756,0.3100729,0.16520242,0.22280967,0.19001827,0.34082648,0.27445874,0.3153733,0.35081446,0.22468363,0.3110409,0.12317456,0.25034395,0.14140017,0.20311457,0.29403788,0.29656234,0.34929723,0.12233759,0.080427356,0.4115871
8,0.052305683,0.12864394,0.21473676,0.15679199,0.1385533,0.08563404,0.099048615,1.0,0.12515093,0.12900168,0.08817127,0.07648559,0.1562002,0.08622502,0.055660054,0.20484227,0.14260325,0.0951087,0.22072749,0.021314997,0.28968346,0.30359817,0.110591084,0.05810178,0.23686042,0.13992092,0.2072469,0.33171389,0.1387515,0.07840894,0.17208174,0.21172099,0.16431427,0.09680053,0.23647782,0.19727969,0.12687467,0.13913363,0.0781372,0.18730462,0.12668408,0.28575486,0.17801207,0.37817112,0.038746927,0.32462373,0.28729588,0.087945715,0.18887782,0.09965655,0.20465165,0.35838306,0.22367042,0.040902477,0.09381853,0.14066672,0.07226189,0.07096854,0.03332949,0.18687113,0.15850218,0.05236332,-0.0026300452,0.14167254,0.04886998,0.13473976,0.00063446723,0.25792953,0.017355936,0.13412043,0.1600079,0.32303926,0.10133601,0.08980896,0.06594186,-0.026885647,-0.021191254,0.11793749,0.084296934,0.21776138,0.107958674,0.1640307,0.21471485,0.014426267
9,0.323717,0.18243758,0.25418606,0.1902856,0.094822414,0.11100652,0.24429293,0.12515093,1.0000001,0.23388514,0.16213441,0.3009171,0.22685513,0.21936421,0.32937932,0.22758481,0.055014037,0.19333094,0.38847628,0.33780608,0.19376706,0.123818606,0.24783011,0.18374643,0.24654453,0.37555942,0.14366072,0.16233005,0.116777785,0.12727182,0.26623935,0.23974873,0.0826327,0.15250234,0.23855706,0.09767727,0.24947374,0.15486562,0.054178532,0.26728615,0.22245508,0.16281264,0.3102832,0.23757495,0.1897583,0.19715178,0.2996978,0.30106065,0.21843195,0.24361126,0.151042,0.09841086,0.44978666,0.32353148,0.14430171,0.0965813,0.10983232,0.26209155,0.14500539,0.28138623,0.3142357,0.13479742,0.0909801,0.21246985,0.2657709,0.3324498,0.06766062,0.13841465,0.2574547,0.22431241,0.24359028,0.16612415,0.14799935,0.0894523,0.07822875,0.24449018,0.050363384,0.25787127,0.072647184,0.32239944,0.18193676,0.10539362,0.0074563976,0.25191116
10,0.2193298,0.36470562,0.14731044,0.30297568,0.14244868,0.40776628,0.20028567,0.12900168,0.23388514,1.0000002,0.10320145,0.24532738,0.28653035,0.2895937,0.21999213,0.13679942,0.13204929,0.055739187,0.3226149,0.29495686,0.27155408,0.051944874,0.19632356,0.09258796,0.26472428,0.32639048,0.31308404,0.3161593,0.060075354,0.04998909,0.2960429,0.32812065,0.20068495,0.1985854,0.08610452,0.22687514,0.42867744,0.17503282,0.0505528,0.14908384,0.33903772,0.349349,0.4525209,0.14565551,0.17070836,0.1211461,0.21655671,0.26826054,0.3293241,0.37249854,0.14480779,0.4064649,0.35110125,0.3029808,0.22957025,0.15444928,0.23720434,0.22272065,0.2123404,0.27161467,0.3814165,0.18992947,0.15874599,0.25410306,0.12091866,0.24579011,0.28612888,0.16046143,0.16489568,0.15337923,0.25039008,0.22781344,0.19846793,0.18097357,0.13463217,0.1938054,0.10044761,0.48823476,0.100805104,0.42870665,0.1734168,0.21077055,0.10273376,0.21273714
11,0.24046093,0.22858195,0.24119374,0.14459768,0.11699718,0.18689965,0.14591521,0.08817127,0.16213441,0.10320145,1.0000002,0.19800189,0.13558975,0.21413663,0.29271093,0.17849785,0.14168985,0.14880536,0.17569733,0.15893833,0.21774802,0.06364368,0.16889611,0.19147137,0.27464345,0.279301,0.030485272,0.20243798,0.18090554,0.051405635,0.17282727,0.21153133,0.15868022,0.17844692,0.22351918,0.20566672,0.051219538,0.21265437,0.22238617,0.19849177,0.3119163,0.14072151,0.27754524,0.15896247,0.09728597,0.16238599,0.13754918,0.12193496,0.12348169,0.23498283,0.18531281,0.12264921,0.2689743,0.081276976,0.22883098,0.14105879,0.11561706,0.13913582,0.13790792,0.26483303,0.15503585,0.25451213,0.15378612,0.2456649,0.20425585,0.24069409,0.12857288,0.22475342,0.23190494,0.14351821,0.24279952,0.11504803,0.24468383,0.22585572,0.020113545,0.17295256,0.22613983,0.108364,0.13732019,0.20585924,0.16458704,0.07232321,-0.043955132,0.20290011
12,0.31318983,0.39971012,0.15962437,0.11881982,0.3317682,0.24530482,0.3622089,0.07648559,0.3009171,0.24532738,0.19800189,1.0000002,0.4962134,0.32137406,0.38358167,0.16808258,0.2226026,0.22423941,0.5325701,0.42185584,0.2748869,-0.0022462048,0.2020334,0.29786748,0.16520868,0.28713614,0.25352305,0.13872504,0.16007102,0.38917837,0.36476654,0.35786864,0.07379393,-0.020298354,0.29673526,0.065946884,0.15860543,0.2274016,0.1853252,0.18261293,0.3545845,0.21340656,0.33885378,0.1268958,0.37727565,0.21252976,0.23957874,0.25390676,0.25871632,0.14814943,0.2408064,0.0060635908,0.4182367,0.46507385,0.291795,0.16158557,0.2014125,0.22501372,0.11271429,0.24929114,0.33089077,0.3028913,0.083050534,0.26364946,0.35072684,0.31049138,0.31702754,0.07702926,0.36826134,0.1330759,0.25284344,0.20874576,0.2863926,0.23087153,0.045440443,0.1756212,0.04423506,0.17279193,0.1181747,0.40148747,0.3847732,0.15343376,0.04480825,0.3789758
13,0.31628272,0.34339812,0.27029434,0.26858655,0.1719404,0.36210415,0.27935332,0.1562002,0.22685513,0.28653035,0.13558975,0.4962134,0.9999998,0.2813518,0.23720786,0.34342563,0.3220507,0.25167602,0.500585,0.4223535,0.33019778,0.03582804,0.16590732,0.2729969,0.07278604,0.40448287,0.21181971,0.23767988,0.24594782,0.23341024,0.32066375,0.31242475,0.28851613,0.11114198,0.2564882,0.3326321,0.39606073,0.35868666,0.27285394,0.2757561,0.29760706,0.34137985,0.36749017,0.24146888,0.41814244,0.31950513,0.1849934,0.44177842,0.49780163,0.28795436,0.3036464,0.13758656,0.30707988,0.25236323,0.4372778,0.25077078,0.19142282,0.21625184,0.20226477,0.43932158,0.3394793,0.27673548,0.18852594,0.1824766,0.26045996,0.16372827,0.20184195,0.18501635,0.35488853,0.31691346,0.16041267,0.32135636,0.40561897,0.36986768,0.21418694,0.10318084,0.089299835,0.33599383,0.14046857,0.35871583,0.30570817,0.23720789,0.15288047,0.35552266
14,0.2368711,0.37613901,0.1360023,0.21712852,0.13990037,0.33334094,0.31971782,0.08622502,0.21936421,0.2895937,0.21413663,0.32137406,0.2813518,1.0,0.24666806,0.33643913,0.20613503,0.14736275,0.3049214,0.37108755,0.2526075,0.06722733,0.245835,0.2185442,0.23482788,0.30158707,0.16210917,0.2583236,0.07096335,0.1611667,0.2550513,0.20826137,0.25197464,0.20160998,0.24804693,0.18684055,0.118538775,0.2618536,0.21387391,0.12993093,0.3487052,0.18841985,0.24531056,0.18822205,0.22236265,0.16618752,0.20775509,0.22182672,0.28314996,0.24946271,0.13185489,0.17960714,0.2929403,0.16436972,0.23971045,0.2038798,0.28862616,0.18247536,0.19335638,0.26037362,0.3430596,0.1341174,0.04353566,0.23539084,0.26582158,0.3351937,0.17536515,0.08962652,0.295156,0.20347403,0.34909368,0.31667593,0.24300392,0.20212626,0.06916045,0.21676256,0.053331025,0.258203,0.16470513,0.34962183,0.1792067,0.15904425,0.06252884,0.24356858
15,0.31411895,0.28433976,0.10226176,0.1496868,0.23294446,0.3054176,0.34800023,0.055660054,0.32937932,0.21999213,0.29271093,0.38358167,0.23720786,0.24666806,1.0000002,0.19548492,0.2701254,0.21673632,0.4343133,0.37178317,0.13802528,-0.039299276,0.39969826,0.36859098,0.24335596,0.34152684,0.21439475,0.13061321,0.39829972,0.3690633,0.21673968,0.31705818,0.11621707,0.019883487,0.23184201,0.06603878,0.10735926,0.2490732,0.10293775,0.18599889,0.43229228,0.23186356,0.2685934,0.17086507,0.2893206,0.22446541,0.30554855,0.14556594,0.16280417,0.23652099,0.25469452,0.098475724,0.35651138,0.3604051,0.26492366,0.17958789,0.31262097,0.34817427,0.16717859,0.17961548,0.2683081,0.4344008,0.19811298,0.24751563,0.19234206,0.42620987,0.1971522,0.19375128,0.41544828,0.10709867,0.28518775,0.20320407,0.31075764,0.25768945,0.16765086,0.19630688,0.1264771,0.23565257,0.08314211,0.43544284,0.36773756,0.16269208,-0.008695671,0.22628555
16,0.31877425,0.41868508,0.25030142,0.30281404,0.13166682,0.21485354,0.32873318,0.20484227,0.22758481,0.13679942,0.17849785,0.16808258,0.34342563,0.33643913,0.19548492,0.99999994,0.29169843,0.28304595,0.36946514,0.3373056,0.29756665,0.07909619,0.09056904,0.33810365,0.24746393,0.38820252,0.105548635,0.23584658,0.30978474,0.32433188,0.30226228,0.12016763,0.44049606,0.2094051,0.20114478,0.2610434,0.119249165,0.47804588,0.40102375,0.3318556,0.27691844,0.21615261,0.29305953,0.29357544,0.34611607,0.34896073,0.21566422,0.3049249,0.33487147,0.20997326,0.1740757,0.24253902,0.32711878,0.1172906,0.25873566,0.17056376,0.26078793,0.19737756,0.26561707,0.39475602,0.41784397,0.38323414,0.19478801,0.2047912,0.20671676,0.2977308,0.12230544,0.17600729,0.36695182,0.20187536,0.217167,0.338338,0.18455875,0.42006624,0.17036214,0.1602658,0.045680285,0.28835407,0.30761844,0.30070406,0.27073148,0.17398967,0.08929412,0.37615955
17,0.31733012,0.34927687,0.43097258,0.14564803,0.06006725,0.31831637,0.22539248,0.14260325,0.055014037,0.13204929,0.14168985,0.2226026,0.3220507,0.20613503,0.2701254,0.29169843,1.0,0.18523929,0.3203468,0.3359168,0.011151167,0.08765117,0.16249971,0.33064675,0.17574652,0.21809824,0.19762461,0.32232127,0.2788233,0.32041174,0.22967246,0.21282704,0.22553624,0.07374721,0.062466517,0.094198324,0.07540149,0.34599534,0.22670142,0.059135735,0.39736593,0.30694202,0.27606604,0.18358524,0.39538664,0.43731305,0.21825947,0.20429574,0.2440101,0.2347042,0.14968845,0.30005354,0.13170643,0.13856243,0.3215834,0.12006519,0.25606328,0.29098576,0.20008773,0.16692942,0.18351856,0.2743619,0.13489427,0.14559016,0.2803178,0.13447307,0.16351345,0.19533013,0.47740954,0.33498606,0.2756913,0.1936903,0.44578233,0.34630933,0.10990623,0.09436127,0.09871481,0.18871552,0.12756708,0.30357102,0.25018248,0.18005519,-0.027709436,0.40425277
18,0.38720945,0.2699726,0.13132429,0.071011014,0.10670327,0.15777418,0.20794949,0.0951087,0.19333094,0.055739187,0.14880536,0.22423941,0.25167602,0.14736275,0.21673632,0.28304595,0.18523929,1.0,0.25560924,0.23322418,0.17801982,0.062024035,0.17389904,0.375929,0.14234349,0.3005587,0.091925465,0.18966776,0.15400566,0.28785247,0.16792178,0.16639139,0.20788187,0.11395502,0.18667598,0.14223488,0.08105041,0.32697496,0.17857988,0.025259055,0.21536978,0.14834243,0.15812182,0.1289994,0.2374224,0.2455824,0.14031532,0.3576926,0.25614175,0.24499561,0.31507465,0.14572603,0.20364368,0.058390565,0.2692159,0.28637528,0.1272802,0.22275028,0.21652335,0.24710785,0.37255412,0.17158058,0.05565652,0.29243347,0.20859845,0.09018375,0.13604307,0.10360072,0.20257989,0.1125623,0.29743934,0.06304541,0.23987374,0.24522118,0.13855727,0.088302255,0.18443787,0.18115549,0.101633355,0.18729036,0.15169367,0.24586387,0.06722014,0.34524223
19,0.2794599,0.31875125,0.21875754,0.35685527,0.32362598,0.4487153,0.28764233,0.22072749,0.38847628,0.3226149,0.17569733,0.5325701,0.500585,0.3049214,0.4343133,0.36946514,0.3203468,0.25560924,1.0,0.4952054,0.22988872,0.039080724,0.29655635,0.1890941,0.23358193,0.297496,0.2920761,0.29776236,0.34346765,0.2534744,0.3891604,0.41485572,0.22327791,0.09324504,0.3623443,0.11624717,0.25434086,0.24285142,0.18365012,0.29891637,0.42521328,0.2982644,0.44665042,0.31081656,0.3208354,0.33372685,0.38854092,0.3872761,0.36817804,0.41316268,0.18391438,0.21795122,0.4588267,0.2842438,0.34401947,0.17318448,0.29861066,0.26752704,0.31236312,0.27693674,0.37157568,0.40962842,0.23950647,0.43921846,0.23123297,0.37789187,0.38251185,0.24643019,0.42920756,0.19346216,0.40692818,0.37783346,0.2819507,0.25375557,0.25530678,0.21623331,0.07510894,0.4901631,0.21847859,0.4938964,0.3280932,0.42848814,0.11911909,0.36759675
20,0.49139425,0.48220253,0.21003099,0.25862792,0.21556608,0.36074173,0.36220324,0.021314997,0.33780608,0.29495686,0.15893833,0.42185584,0.4223535,0.37108755,0.37178317,0.3373056,0.3359168,0.23322418,0.4952054,1.0000001,0.19070196,0.076884136,0.38021213,0.34398887,0.17108926,0.3816314,0.13513443,0.14099765,0.2045942,0.42408252,0.5242007,0.34548336,0.15128174,0.015735244,0.16807702,0.04147179,0.13786852,0.37941787,0.303833,0.13038674,0.48378542,0.20948759,0.3151892,0.15194651,0.42313784,0.25464842,0.23504482,0.27241102,0.3252913,0.1146763,0.214309,0.03330608,0.31832093,0.49367893,0.3548244,0.15321949,0.15446547,0.39624515,0.24431203,0.3150522,0.40130582,0.23392005,0.07441634,0.30042404,0.3962656,0.30923495,0.21578789,0.05381464,0.40050805,0.24226308,0.39052826,0.17021292,0.32010683,0.33302963,0.10493508,0.26833948,0.059326716,0.30019596,0.15029636,0.39046222,0.3175017,0.14238526,-0.016802337,0.52009165
21,0.124246076,0.35240057,0.18897784,0.26955473,0.21508364,0.20304422,0.17946875,0.28968346,0.19376706,0.27155408,0.21774802,0.2748869,0.33019778,0.2526075,0.13802528,0.29756665,0.011151167,0.17801982,0.22988872,0.19070196,1.0000001,0.20779355,0.04164197,0.10014901,0.2062023,0.40178576,0.10463856,0.25700518,0.28144187,0.1207084,0.22285315,0.1343149,0.20185639,0.19903268,0.23157614,0.29420063,0.17569539,0.21205755,0.15198347,0.18711261,0.10671039,0.21230388,0.35953858,0.28803322,0.25286546,0.20356646,0.1608995,0.17164414,0.36364168,0.25652394,0.08886735,0.26639017,0.3831407,0.13326363,0.13185509,0.20808733,0.23179021,0.044739556,0.12642258,0.38277486,0.26996607,0.25186783,0.14131822,0.2406579,0.11375854,0.22399054,0.16536166,0.12307614,0.19149399,0.11736169,0.16218203,0.33238643,0.13461685,0.12347539,0.12875864,0.15007475,0.07702377,0.27316776,0.10473065,0.19717157,0.17474574,0.15334247,0.40477467,0.096031114
22,0.002424487,0.050432775,0.1739972,0.16995837,-0.05349469,0.03142392,-0.045434486,0.30359817,0.123818606,0.051944874,0.06364368,-0.0022462048,0.03582804,0.06722733,-0.039299276,0.07909619,0.08765117,0.062024035,0.039080724,0.076884136,0.20779355,1.0000002,-0.036757227,-0.08591689,0.025018983,0.06508211,-0.0058697406,0.31001395,0.1211538,-0.038614552,0.15237632,0.07380928,0.052043967,0.11740224,0.02833271,0.08359195,0.12449838,0.07409937,0.08750993,0.064302966,-0.033035673,0.14685094,0.1281915,0.34611255,-0.042812143,0.1474157,0.06114416,0.00907229,0.14544459,0.02310915,-0.08090616,0.3084936,0.044790853,-0.056866203,-0.059107278,0.030711608,0.004023083,-0.063782066,-0.13255695,0.14525044,0.1307606,0.0430329,0.025794683,0.011410915,-0.023485396,0.115576215,-0.14733194,-0.047680095,-0.015935175,0.120503426,0.033097927,0.107502505,0.07148881,-0.050165076,0.030958546,0.035007667,0.109282166,0.02516291,-0.034195278,0.08971883,-0.0104054585,0.113339126,0.07510979,0.012618399
23,0.32159856,0.2826783,0.06796567,0.1598023,0.14351879,0.29002035,0.22303846,0.110591084,0.24783011,0.19632356,0.16889611,0.2020334,0.16590732,0.245835,0.39969826,0.09056904,0.16249971,0.17389904,0.29655635,0.38021213,0.04164197,-0.036757227,1.0000001,0.36667696,0.11054982,0.30208245,0.11990473,0.12001729,0.13222282,0.23385295,0.1375269,0.2770576,0.082929224,0.09951393,0.19941752,-0.08688232,0.099363156,0.20705496,0.17289932,0.19780067,0.32602534,0.14580077,0.2033922,0.12138781,0.22615892,0.1713182,0.341019,0.14882451,0.22040507,0.25603554,0.21151938,0.03187023,0.2949352,0.46341172,0.28000456,0.044615872,0.19493733,0.4935491,0.0331867,0.27343,0.26046944,0.25609958,0.15122387,0.29257157,0.16207469,0.26204395,0.07890249,0.13202825,0.26225016,0.21379963,0.42119646,0.083221175,0.24382605,0.27982777,0.13936067,0.36859646,0.07880503,0.3379359,0.111674234,0.22334258,0.27659023,0.105583474,-0.056166906,0.25919467
24,0.35063824,0.41027486,0.13507637,0.13637146,0.10142108,0.2545349,0.43212697,0.05810178,0.18374643,0.09258796,0.19147137,0.29786748,0.2729969,0.2185442,0.36859098,0.33810365,0.33064675,0.375929,0.1890941,0.34398887,0.10014901,-0.08591689,0.36667696,1.0000002,0.30922303,0.38320413,0.16407913,0.09550306,0.18417075,0.37221396,0.20647109,0.23919272,0.22626099,0.13300742,0.2624522,0.1293028,0.032345545,0.48241946,0.30269676,0.22893007,0.37284246,0.20578296,0.22723722,0.17195532,0.39020738,0.2759048,0.18153666,0.11475191,0.22852224,0.1939354,0.4013427,0.14285675,0.32120278,0.30869433,0.4034849,0.2861456,0.21055761,0.3821927,0.23251352,0.29613164,0.31035003,0.3049556,0.10968305,0.29063904,0.42340904,0.19644688,0.13379827,0.15407813,0.36137196,0.21258168,0.35993606,0.08329582,0.36866432,0.37425125,0.12796739,0.25677195,0.120375484,0.17356387,0.31524983,0.19835474,0.38321772,-0.010379013,-0.068581164,0.404054
25,0.27002445,0.2820279,0.11864283,0.31532255,0.16593656,0.25778735,0.19231041,0.23686042,0.24654453,0.26472428,0.27464345,0.16520868,0.07278604,0.23482788,0.24335596,0.24746393,0.17574652,0.14234349,0.23358193,0.17108926,0.2062023,0.025018983,0.11054982,0.30922303,1.0,0.33182213,0.27797997,0.12041703,0.22321594,0.05365572,0.19828603,0.264819,0.1911042,0.13814881,0.2644885,0.34130806,0.1505555,0.26231444,0.2576363,0.26266554,0.44434658,0.22057825,0.25267616,0.32410654,0.07795124,0.16041629,0.26756555,0.17223027,0.129387,0.18807861,0.13587286,0.19197282,0.48579472,0.122742645,0.06432893,0.094213024,0.29926485,0.15222852,0.28646806,0.25175425,0.17654413,0.22345173,0.16039556,0.30570287,0.21656914,0.32447347,0.18317443,0.26714808,0.2393001,0.150754,0.26738635,0.256877,0.032807183,0.08398773,0.10353352,0.17399509,0.19871625,0.26890147,0.34677327,0.2656949,0.13182335,0.118571386,0.15864316,0.22100647
26,0.41585344,0.36884862,0.18789977,0.3687982,0.19261658,0.26976264,0.34815726,0.13992092,0.37555942,0.32639048,0.279301,0.28713614,0.40448287,0.30158707,0.34152684,0.38820252,0.21809824,0.3005587,0.297496,0.3816314,0.40178576,0.06508211,0.30208245,0.38320413,0.33182213,1.0000001,0.28174877,0.19480494,0.2862073,0.40572274,0.3361444,0.32098484,0.34217617,0.16646296,0.19622408,0.17701699,0.3344637,0.3881937,0.27469474,0.25497255,0.3641966,0.3574239,0.3641136,0.2590568,0.403857,0.2278045,0.22095066,0.28044158,0.48145792,0.32027766,0.25901213,0.12210051,0.51353586,0.331894,0.19319084,0.16607003,0.2381151,0.3498311,0.18715595,0.62329066,0.427425,0.36513105,0.19114242,0.25048602,0.31905156,0.28270918,0.061536472,0.16095388,0.4292301,0.33685896,0.33598125,0.28179497,0.23664403,0.35796544,0.17582357,0.28146803,0.084861316,0.3599664,0.16933028,0.45107478,0.36251175,0.14719962,0.11431478,0.32234925
27,0.19727457,0.22217253,0.13840263,0.1982732,0.10196684,0.07767942,0.22960141,0.2072469,0.14366072,0.31308404,0.030485272,0.25352305,0.21181971,0.16210917,0.21439475,0.105548635,0.19762461,0.091925465,0.2920761,0.13513443,0.10463856,-0.0058697406,0.11990473,0.16407913,0.27797997,0.28174877,1.0000001,0.12843859,0.13377286,0.14523275,0.16279909,0.16398555,0.07125008,0.06303988,0.22263286,0.1728738,0.22053935,0.2129531,0.08758523,0.14359704,0.17772385,0.2978272,0.19919091,0.16883315,0.12754734,0.20611653,0.21947683,0.15021074,0.23683561,0.18697944,0.10793224,0.06645188,0.30966765,0.16397442,0.11479964,0.105968945,0.18288921,0.18446517,0.14435044,0.12031319,0.17210157,0.20697843,0.14586627,0.13077684,0.10847296,0.17303397,0.16344444,0.104048744,0.25305006,0.13509496,0.04661036,0.30610663,0.0712216,0.21665448,0.22073254,0.051590465,0.012072704,0.22748837,0.073544346,0.28657067,0.27806747,0.24112377,0.15235716,0.12887517
28,0.19235186,0.28305224,0.35142735,0.2190733,0.07632635,0.2968396,0.19798166,0.33171389,0.16233005,0.3161593,0.20243798,0.13872504,0.23767988,0.2583236,0.13061321,0.23584658,0.32232127,0.18966776,0.29776236,0.14099765,0.25700518,0.31001395,0.12001729,0.09550306,0.12041703,0.19480494,0.12843859,1.0,0.14591992,0.18472072,0.34814554,0.24352993,0.22237791,0.21552289,0.09375928,0.23242262,0.3031318,0.28196028,0.059577946,0.20641987,0.19326758,0.33666602,0.46149752,0.30861482,0.16503859,0.32667986,0.24549986,0.3325186,0.25552312,0.23513035,0.15825911,0.5261144,0.20865326,0.04674545,0.3157865,0.18388426,0.1716408,0.13207938,0.18123868,0.33022517,0.34632665,0.22841911,0.10957937,0.16928726,0.11926395,0.17300999,0.22866966,0.12650168,0.23818934,0.44612026,0.1714312,0.35043976,0.2911746,0.23196769,0.081033476,0.18067332,0.17780125,0.2586856,0.14125316,0.36239684,0.3351889,0.21515982,0.1526057,0.19961318
29,0.29537413,0.2713874,0.10079165,0.16128856,0.21626669,0.21400121,0.19972399,0.1387515,0.116777785,0.060075354,0.18090554,0.16007102,0.24594782,0.07096335,0.39829972,0.30978474,0.2788233,0.15400566,0.34346765,0.2045942,0.28144187,0.1211538,0.13222282,0.18417075,0.22321594,0.2862073,0.13377286,0.14591992,1.0000001,0.26301914,0.21231703,0.16459942,0.18912351,0.02266642,0.15096073,0.14280805,0.10897113,0.19625185,0.23677783,0.23484671,0.27171373,0.1655749,0.32854718,0.25809973,0.30693454,0.26452047,0.17065904,0.07620816,0.10496347,0.31866926,0.08471148,0.12024554,0.30486828,0.13700162,0.09983077,0.08773118,0.32096198,0.17213103,0.09923814,0.23025408,0.13401279,0.6288091,0.23727898,0.22978875,0.08846333,0.36736977,0.116635755,0.2882116,0.3322614,0.12926435,0.23597854,0.27313438,0.2683193,0.24509364,0.20898947,0.23720819,0.054626167,0.22448862,0.11528964,0.270947,0.22673196,0.20668945,0.19423959,0.23937395
30,0.33000642,0.37223822,0.16003482,0.08676113,0.31746513,0.12817289,0.61908245,0.07840894,0.12727182,0.04998909,0.051405635,0.38917837,0.23341024,0.1611667,0.3690633,0.32433188,0.32041174,0.28785247,0.2534744,0.42408252,0.1207084,-0.038614552,0.23385295,0.37221396,0.05365572,0.40572274,0.14523275,0.18472072,0.26301914,1.0,0.4354948,0.21113329,0.16075517,-0.008493167,0.049344234,-0.056379512,0.06679934,0.35411054,0.21979403,0.21202615,0.27609578,0.1499508,0.25194108,0.10410908,0.36037067,0.20375459,0.20563559,0.14998795,0.24424453,0.06677297,0.26646903,0.01615727,0.24491538,0.3772585,0.25124687,0.19005056,0.16078544,0.2816718,0.07907483,0.3143566,0.3740484,0.39946422,0.044909522,0.09805004,0.29296356,0.17897521,0.13271792,0.07352109,0.34593916,0.19001277,0.1826489,0.14998458,0.26421648,0.40151048,0.057739973,0.19634625,-0.055985592,0.10891433,0.17327599,0.25374672,0.3988663,0.110835746,0.0030776132,0.42030764
31,0.38355154,0.39509743,0.25706837,0.21988682,0.12907718,0.21605463,0.46631113,0.17208174,0.26623935,0.2960429,0.17282727,0.36476654,0.32066375,0.2550513,0.21673968,0.30226228,0.22967246,0.16792178,0.3891604,0.5242007,0.22285315,0.15237632,0.1375269,0.20647109,0.19828603,0.3361444,0.16279909,0.34814554,0.21231703,0.4354948,1.0000001,0.3289615,0.20487449,0.045244858,0.17795736,0.12610729,0.24191393,0.2730799,0.112040035,0.16747417,0.32769656,0.28383845,0.33976868,0.31691203,0.23875812,0.33772954,0.15404448,0.35131827,0.31908023,0.15535127,0.20308907,0.14821945,0.271737,0.17900763,0.25521094,0.18719016,0.031179635,0.14535436,0.25439808,0.33621913,0.33102277,0.23296626,0.02923721,0.25552675,0.20603131,0.15268356,0.26069054,0.14494789,0.2773103,0.23262468,0.19234338,0.28127027,0.27945143,0.31290248,-0.007245306,0.09267162,0.09607208,0.20876811,0.17444748,0.36919793,0.25687435,0.27508482,0.1355342,0.3220305
32,0.33506796,0.30259746,0.113253295,0.18035588,0.2697407,0.39139187,0.19380169,0.21172099,0.23974873,0.32812065,0.21153133,0.35786864,0.31242475,0.20826137,0.31705818,0.12016763,0.21282704,0.16639139,0.41485572,0.34548336,0.1343149,0.07380928,0.2770576,0.23919272,0.264819,0.32098484,0.16398555,0.24352993,0.16459942,0.21113329,0.3289615,1.0000001,0.18079568,0.082205825,0.31423602,0.25165027,0.22336698,0.21414998,0.14030391,0.21072564,0.5088718,0.39475754,0.33634287,0.2875675,0.21424448,0.24499036,0.39363888,0.3007996,0.29671875,0.19399771,0.34261614,0.121929735,0.44002196,0.31463125,0.23114996,0.23630945,0.1769264,0.269009,0.16789345,0.3294955,0.30868322,0.30802414,0.14533989,0.25345284,0.2318717,0.23951663,0.17742537,0.27033478,0.3374529,0.10692144,0.3937561,0.25795442,0.3082379,0.25968152,0.05157676,0.20616505,0.13449325,0.33420855,0.1254558,0.4555447,0.30064854,0.24757776,0.071624875,0.27416205
33,0.2778744,0.24457008,0.110694595,0.3005931,0.110408954,0.28511104,0.26792237,0.16431427,0.0826327,0.20068495,0.15868022,0.07379393,0.28851613,0.25197464,0.11621707,0.44049606,0.22553624,0.20788187,0.22327791,0.15128174,0.20185639,0.052043967,0.082929224,0.22626099,0.1911042,0.34217617,0.07125008,0.22237791,0.18912351,0.16075517,0.20487449,0.18079568,1.0000001,0.17677446,0.13391677,0.33609012,0.15229635,0.3890407,0.20695059,0.3309967,0.2575232,0.28120732,0.25822347,0.37571418,0.0884653,0.27654245,0.1276546,0.35774615,0.2922587,0.30217195,0.26309493,0.27803794,0.15900034,0.05587617,0.2384869,0.26383212,0.054704495,0.07690269,0.20455502,0.40960774,0.3837697,0.23867753,0.19323878,0.09510201,0.13100897,0.102303706,0.24987508,0.31701183,0.307664,0.19831881,0.21518023,0.27589768,0.24109496,0.2653565,0.12488793,0.14235777,0.3519165,0.31314972,0.26296782,0.2788191,0.16041617,0.18191634,0.21523565,0.24781214
34,0.10870779,0.15179141,0.076177046,0.108991,-0.06992135,0.19441743,0.027992677,0.09680053,0.15250234,0.1985854,0.17844692,-0.020298354,0.11114198,0.20160998,0.019883487,0.2094051,0.07374721,0.11395502,0.09324504,0.015735244,0.19903268,0.11740224,0.09951393,0.13300742,0.13814881,0.16646296,0.06303988,0.21552289,0.02266642,-0.008493167,0.045244858,0.082205825,0.17677446,1.0000001,0.045825154,0.2963931,0.081086636,0.16172473,0.07083307,0.09822854,0.047766406,0.12348463,0.20271462,0.13956738,0.08942088,0.19707821,0.10874258,0.1433863,0.1547351,0.2824126,0.11650576,0.28438205,0.13816357,-0.04238671,0.119030856,0.17358676,0.17536044,0.16656604,0.05601746,0.19787936,0.32715297,0.07164668,0.1158518,0.112862125,0.038085017,0.2247649,0.059198923,0.16018093,0.13486682,0.07472595,0.1436021,0.036873348,0.04394302,0.1193234,0.12518343,0.15471543,0.14118282,0.18732232,0.15612715,0.05763585,0.013068434,0.13688774,-0.013234125,0.092409626
35,0.1871474,0.2427838,0.13868684,0.2568006,0.17018612,0.20853654,0.17285074,0.23647782,0.23855706,0.08610452,0.22351918,0.29673526,0.2564882,0.24804693,0.23184201,0.20114478,0.062466517,0.18667598,0.3623443,0.16807702,0.23157614,0.02833271,0.19941752,0.2624522,0.2644885,0.19622408,0.22263286,0.09375928,0.15096073,0.049344234,0.17795736,0.31423602,0.13391677,0.045825154,1.0,0.122466,0.06547955,0.15365233,0.18564057,0.2198371,0.32883728,0.18226649,0.3054547,0.31996185,0.13944325,0.2639976,0.27821535,0.16894482,0.16254672,0.21846199,0.1410602,0.007353436,0.26156116,0.05575457,0.13342662,0.15378128,0.21046126,0.070195645,0.16201764,0.19742773,0.18194048,0.19150726,0.09632246,0.38739753,0.2394185,0.2754444,0.13712311,0.26922393,0.17321885,0.020936413,0.37354988,0.27144006,0.17065077,0.16411543,0.10517831,0.23006126,0.0357171,0.22871514,0.24315119,0.23219618,0.19409144,0.2220885,0.1567249,0.13312514
36,0.13463186,0.16002727,0.13029656,0.29015997,0.000819721,0.32823837,0.023879042,0.19727969,0.09767727,0.22687514,0.20566672,0.065946884,0.3326321,0.18684055,0.06603878,0.2610434,0.094198324,0.14223488,0.11624717,0.04147179,0.29420063,0.08359195,-0.08688232,0.1293028,0.34130806,0.17701699,0.1728738,0.23242262,0.14280805,-0.056379512,0.12610729,0.25165027,0.33609012,0.2963931,0.122466,1.0,0.23177202,0.23254518,0.13143258,0.21958043,0.20410413,0.13822037,0.20892599,0.30743998,0.088797994,0.26023558,0.13523799,0.20251694,0.24555504,0.19748956,0.18624386,0.2675205,0.21598718,-0.099427536,0.13324496,0.10245469,0.16587228,0.019144539,0.16958922,0.23258336,0.19870234,0.12557866,0.18731,0.061730664,0.08991048,0.121262826,0.19071919,0.34047386,0.20197332,0.09403905,0.11368689,0.24246135,0.30288005,0.10071212,0.1587939,-0.009677693,0.19753405,0.21140045,0.10419361,0.20898697,0.09272854,0.13858593,0.27220333,0.08164966
37,0.15398915,0.19963883,0.065084115,0.1359858,0.06969927,0.18251471,0.20429897,0.12687467,0.24947374,0.42867744,0.051219538,0.15860543,0.39606073,0.118538775,0.10735926,0.119249165,0.07540149,0.08105041,0.25434086,0.13786852,0.17569539,0.12449838,0.099363156,0.032345545,0.1505555,0.3344637,0.22053935,0.3031318,0.10897113,0.06679934,0.24191393,0.22336698,0.15229635,0.081086636,0.06547955,0.23177202,1.0000001,0.1691287,0.021401081,0.18316534,0.13837253,0.26651594,0.3089253,0.19054092,0.27004373,0.10495098,0.1769267,0.37706032,0.39846945,0.28709495,0.14741728,0.18080555,0.27880663,0.14768188,0.22967187,0.15939462,0.24350534,0.135384,0.09804893,0.35665175,0.28138068,0.16128553,0.102068506,0.09442066,0.08359512,0.17666961,0.10126063,0.13163146,0.24922028,0.23409036,0.054748107,0.24945384,0.14914466,0.1590247,0.1243667,0.15757102,0.24096376,0.3200709,-0.018365432,0.25693113,0.10930668,0.0818937,0.09750418,0.12625986
38,0.34989595,0.42064926,0.25535864,0.21115974,0.09619535,0.2770179,0.37808284,0.13913363,0.15486562,0.17503282,0.21265437,0.2274016,0.35868666,0.2618536,0.2490732,0.47804588,0.34599534,0.32697496,0.24285142,0.37941787,0.21205755,0.07409937,0.20705496,0.48241946,0.26231444,0.3881937,0.2129531,0.28196028,0.19625185,0.35411054,0.2730799,0.21414998,0.3890407,0.16172473,0.15365233,0.23254518,0.1691287,1.0000001,0.4907398,0.22070298,0.32607877,0.17799139,0.31518748,0.28210807,0.30378985,0.37359068,0.19387738,0.3064412,0.25146595,0.24653292,0.27172405,0.186958,0.3142497,0.22083029,0.30429298,0.18825354,0.22488913,0.24742824,0.14263341,0.3115924,0.28991047,0.29758132,0.15575354,0.19310033,0.25553802,0.18214427,0.20743324,0.17920771,0.42933586,0.19326094,0.28419125,0.20530437,0.31476387,0.41182566,0.17213598,0.10621778,0.22465101,0.15945956,0.26372626,0.257027,0.33680698,0.17728305,0.13203442,0.47205386
39,0.3008323,0.34980598,0.3301693,0.15681982,0.10745798,0.21090248,0.19186622,0.0781372,0.054178532,0.0505528,0.22238617,0.1853252,0.27285394,0.21387391,0.10293775,0.40102375,0.22670142,0.17857988,0.18365012,0.303833,0.15198347,0.08750993,0.17289932,0.30269676,0.2576363,0.27469474,0.08758523,0.059577946,0.23677783,0.21979403,0.112040035,0.14030391,0.20695059,0.07083307,0.18564057,0.13143258,0.021401081,0.4907398,1.0000001,0.23657694,0.39176202,0.05148536,0.2333775,0.2550383,0.28119066,0.2428178,0.1765009,0.13150913,0.18895507,0.21563293,0.17824905,0.04476475,0.26081693,0.12789156,0.24382181,0.06252551,0.22868395,0.16769269,0.1889031,0.2530068,0.11641865,0.27618346,0.17542024,0.24087894,0.23475066,0.20079458,0.15667301,0.111452594,0.2861655,0.11200756,0.31214207,0.117141634,0.16900858,0.38671452,0.1400711,0.13540144,0.1203191,0.07779417,0.2930174,0.2184971,0.18128252,0.04246544,0.09867335,0.3726184
40,0.2020112,0.22848055,0.11705879,0.21832068,0.2381854,0.12091367,0.3490337,0.18730462,0.26728615,0.14908384,0.19849177,0.18261293,0.2757561,0.12993093,0.18599889,0.3318556,0.059135735,0.025259055,0.29891637,0.13038674,0.18711261,0.064302966,0.19780067,0.22893007,0.26266554,0.25497255,0.14359704,0.20641987,0.23484671,0.21202615,0.16747417,0.21072564,0.3309967,0.09822854,0.2198371,0.21958043,0.18316534,0.22070298,0.23657694,1.0000001,0.15852582,0.15271813,0.3368606,0.3647406,0.14688309,0.12633911,0.3488372,0.15035167,0.23245615,0.18884267,0.26841417,0.15160096,0.42219314,0.2588433,0.2049046,0.15001908,0.15080126,0.13251038,0.17423937,0.35608193,0.20024511,0.42173395,0.22802612,0.3175975,0.10923979,0.24626863,0.24690434,0.24067073,0.19980556,0.23262806,0.18945655,0.33630198,0.14404543,0.2085462,0.047707725,0.3242043,0.12879495,0.25006706,0.47602227,0.16061789,0.26988176,0.16481772,0.29595712,0.15761831
41,0.4390785,0.4394814,0.12708877,0.30743578,0.16477013,0.6009693,0.28084806,0.12668408,0.22245508,0.33903772,0.3119163,0.3545845,0.29760706,0.3487052,0.43229228,0.27691844,0.39736593,0.21536978,0.42521328,0.48378542,0.10671039,-0.033035673,0.32602534,0.37284246,0.44434658,0.3641966,0.17772385,0.19326758,0.27171373,0.27609578,0.32769656,0.5088718,0.2575232,0.047766406,0.32883728,0.20410413,0.13837253,0.32607877,0.39176202,0.15852582,1.0,0.3293463,0.41495457,0.27286974,0.29142112,0.24264273,0.32178882,0.22943556,0.29742345,0.25543287,0.25937232,0.13070561,0.4356025,0.29173955,0.31798935,0.18358587,0.2747072,0.31315565,0.29490158,0.28588927,0.36274108,0.2339526,0.24250862,0.350117,0.28835094,0.40093037,0.29797137,0.27141935,0.3625798,0.20820451,0.49884158,0.2258715,0.39301252,0.38040948,0.09782594,0.24876833,0.13147818,0.416968,0.21212353,0.6552359,0.22351758,0.14026505,0.016849842,0.44785094
42,0.30309463,0.3063088,0.25941724,0.1560263,0.182303,0.24742976,0.19828255,0.28575486,0.16281264,0.349349,0.14072151,0.21340656,0.34137985,0.18841985,0.23186356,0.21615261,0.30694202,0.14834243,0.2982644,0.20948759,0.21230388,0.14685094,0.14580077,0.20578296,0.22057825,0.3574239,0.2978272,0.33666602,0.1655749,0.1499508,0.28383845,0.39475754,0.28120732,0.12348463,0.18226649,0.13822037,0.26651594,0.17799139,0.05148536,0.15271813,0.3293463,1.0,0.28142554,0.28524366,0.19185793,0.3340711,0.2507985,0.2686707,0.37194413,0.21444672,0.2398016,0.32816535,0.3396485,0.22794613,0.2543417,0.27868566,0.07869435,0.24592298,0.25281987,0.32028228,0.35376087,0.2814357,0.15754798,0.16241832,0.12139398,0.20346586,0.14692748,0.17443338,0.31224746,0.23413822,0.19296466,0.39204085,0.13851283,0.25965303,-0.00661554,0.11287563,0.094698384,0.30119878,0.09434675,0.37242875,0.18828595,0.1756748,0.06000739,0.13822462
43,0.28619927,0.40148342,0.21898475,0.32157734,0.146786,0.39773753,0.34817636,0.17801207,0.3102832,0.4525209,0.27754524,0.33885378,0.36749017,0.24531056,0.2685934,0.29305953,0.27606604,0.15812182,0.44665042,0.3151892,0.35953858,0.1281915,0.2033922,0.22723722,0.25267616,0.3641136,0.19919091,0.46149752,0.32854718,0.25194108,0.33976868,0.33634287,0.25822347,0.20271462,0.3054547,0.20892599,0.3089253,0.31518748,0.2333775,0.3368606,0.41495457,0.28142554,1.0,0.36183414,0.3250631,0.3074573,0.2398041,0.21041217,0.25839025,0.41938257,0.16211572,0.3163124,0.3740909,0.27332327,0.27690208,0.15213886,0.26176277,0.27907425,0.2432891,0.42203593,0.31515455,0.4113357,0.3231731,0.2877018,0.16180472,0.34061393,0.2194623,0.190678,0.3221978,0.23973224,0.29675266,0.35670033,0.31795275,0.31143534,0.11874969,0.30580485,0.080153994,0.37318662,0.23619008,0.37259927,0.2046589,0.23923662,0.18884525,0.359717
44,0.19496758,0.24385299,0.22968055,0.46871015,0.1845768,0.17849293,0.2325762,0.37817112,0.23757495,0.14565551,0.15896247,0.1268958,0.24146888,0.18822205,0.17086507,0.29357544,0.18358524,0.1289994,0.31081656,0.15194651,0.28803322,0.34611255,0.12138781,0.17195532,0.32410654,0.2590568,0.16883315,0.30861482,0.25809973,0.10410908,0.31691203,0.2875675,0.37571418,0.13956738,0.31996185,0.30743998,0.19054092,0.28210807,0.2550383,0.3647406,0.27286974,0.28524366,0.36183414,1.0000001,0.061145876,0.39488018,0.26934057,0.25165045,0.19423462,0.32228622,0.14759773,0.36688143,0.3053857,0.089105554,0.0665621,0.120217636,0.033143576,0.063075826,0.18861765,0.3412418,0.22844054,0.26763317,0.21884671,0.20406395,0.122541204,0.118453,0.15043028,0.26867792,0.21891445,0.24979419,0.3160439,0.54707813,0.16212401,0.118849784,0.2125618,0.15017651,0.21457903,0.18714625,0.2683031,0.25502065,0.18098317,0.31836015,0.42253134,0.20790584
45,0.40150958,0.49064797,0.11617728,0.08368188,0.11510738,0.25468054,0.3296589,0.038746927,0.1897583,0.17070836,0.09728597,0.37727565,0.41814244,0.22236265,0.2893206,0.34611607,0.39538664,0.2374224,0.3208354,0.42313784,0.25286546,-0.042812143,0.22615892,0.39020738,0.07795124,0.403857,0.12754734,0.16503859,0.30693454,0.36037067,0.23875812,0.21424448,0.0884653,0.08942088,0.13944325,0.088797994,0.27004373,0.30378985,0.28119066,0.14688309,0.29142112,0.19185793,0.3250631,0.061145876,1.0000001,0.27614123,0.22197795,0.23705253,0.29329258,0.2834027,0.31906417,0.08328256,0.28475678,0.2662136,0.33586788,0.13379343,0.35162172,0.3295145,0.18361251,0.25884867,0.21573853,0.2687625,0.049536303,0.21048161,0.33237508,0.25670388,0.18163806,0.1417574,0.4872839,0.23919159,0.31002513,0.14704861,0.38993794,0.3228382,0.10197511,0.21981572,0.049816508,0.13259879,0.062828526,0.30301082,0.30408132,0.040691573,0.028368957,0.34392357
46,0.23915587,0.37466002,0.41947335,0.128069,-0.015433918,0.19355813,0.1505592,0.32462373,0.19715178,0.1211461,0.16238599,0.21252976,0.31950513,0.16618752,0.22446541,0.34896073,0.43731305,0.2455824,0.33372685,0.25464842,0.20356646,0.1474157,0.1713182,0.2759048,0.16041629,0.2278045,0.20611653,0.32667986,0.26452047,0.20375459,0.33772954,0.24499036,0.27654245,0.19707821,0.2639976,0.26023558,0.10495098,0.37359068,0.2428178,0.12633911,0.24264273,0.3340711,0.3074573,0.39488018,0.27614123,1.0000002,0.24040402,0.25542992,0.14491566,0.24341382,0.2446356,0.26259267,0.14417161,0.10923334,0.30139568,0.19072104,0.11321209,0.2506019,0.19080955,0.19668311,0.27268866,0.33212987,0.04811097,0.13859689,0.19756106,0.10316866,0.14102855,0.25486487,0.34445924,0.17773788,0.20063652,0.26070327,0.2740056,0.2857209,0.1360012,-0.032689676,0.050016448,0.07444164,0.08505647,0.23278284,0.25127792,0.22794998,0.15874958,0.220332
47,0.26865748,0.23312964,0.08762767,0.14832215,0.22193532,0.2187638,0.22115842,0.28729588,0.2996978,0.21655671,0.13754918,0.23957874,0.1849934,0.20775509,0.30554855,0.21566422,0.21825947,0.14031532,0.38854092,0.23504482,0.1608995,0.06114416,0.341019,0.18153666,0.26756555,0.22095066,0.21947683,0.24549986,0.17065904,0.20563559,0.15404448,0.39363888,0.1276546,0.10874258,0.27821535,0.13523799,0.1769267,0.19387738,0.1765009,0.3488372,0.32178882,0.2507985,0.2398041,0.26934057,0.22197795,0.24040402,1.0,0.20046802,0.17590183,0.2588688,0.24055952,0.19082569,0.29386687,0.19958702,0.13810927,0.09070384,0.3284734,0.18854454,0.16701373,0.19057786,0.23802112,0.23527607,0.18358946,0.32559136,0.13764608,0.3207698,0.31038862,0.2157166,0.2611545,0.115330175,0.36455512,0.25434846,0.14784588,0.18892072,0.17731597,0.30618507,0.043890014,0.24875307,0.22965318,0.31305,0.27766296,0.22900459,0.29664686,0.18346389
48,0.35427505,0.15819313,0.101492174,0.25672752,0.108462036,0.29905897,0.26256728,0.087945715,0.30106065,0.26826054,0.12193496,0.25390676,0.44177842,0.22182672,0.14556594,0.3049249,0.20429574,0.3576926,0.3872761,0.27241102,0.17164414,0.00907229,0.14882451,0.11475191,0.17223027,0.28044158,0.15021074,0.3325186,0.07620816,0.14998795,0.35131827,0.3007996,0.35774615,0.1433863,0.16894482,0.20251694,0.37706032,0.3064412,0.13150913,0.15035167,0.22943556,0.2686707,0.21041217,0.25165045,0.23705253,0.25542992,0.20046802,1.0000001,0.29322925,0.3493324,0.30814457,0.20780239,0.23291133,0.1993391,0.31127682,0.20000154,0.12472232,0.11754028,0.2507215,0.3473143,0.31078961,0.18699919,0.22955029,0.1473437,0.12066935,0.0718109,0.3304211,0.31641373,0.37943208,0.3107378,0.16593269,0.37586364,0.2394267,0.24229906,0.17364372,0.17040761,0.30756217,0.291601,0.11896648,0.38197806,0.1955744,0.26945212,0.09266473,0.30713457
49,0.25794703,0.2527472,0.24043918,0.3184597,0.09334735,0.32355043,0.21030524,0.18887782,0.21843195,0.3293241,0.12348169,0.25871632,0.49780163,0.28314996,0.16280417,0.33487147,0.2440101,0.25614175,0.36817804,0.3252913,0.36364168,0.14544459,0.22040507,0.22852224,0.129387,0.48145792,0.23683561,0.25552312,0.10496347,0.24424453,0.31908023,0.29671875,0.2922587,0.1547351,0.16254672,0.24555504,0.39846945,0.25146595,0.18895507,0.23245615,0.29742345,0.37194413,0.25839025,0.19423462,0.29329258,0.14491566,0.17590183,0.29322925,1.0000002,0.25489533,0.19435692,0.19091019,0.30576605,0.13623261,0.3065497,0.2247637,0.26305842,0.21467236,0.16947296,0.5077671,0.4605361,0.19183043,0.16170132,0.27633744,0.27038553,0.19712295,0.17599835,0.077322505,0.40585583,0.34541404,0.24021235,0.13018095,0.22489998,0.346165,0.09707305,0.18276522,0.0996373,0.5295184,0.18701628,0.35763893,0.2047313,0.06520978,0.052485608,0.30807626
50,0.26438066,0.29544103,0.17581423,0.28167614,0.10934416,0.342735,0.28360087,0.09965655,0.24361126,0.37249854,0.23498283,0.14814943,0.28795436,0.24946271,0.23652099,0.20997326,0.2347042,0.24499561,0.41316268,0.1146763,0.25652394,0.02310915,0.25603554,0.1939354,0.18807861,0.32027766,0.18697944,0.23513035,0.31866926,0.06677297,0.15535127,0.19399771,0.30217195,0.2824126,0.21846199,0.19748956,0.28709495,0.24653292,0.21563293,0.18884267,0.25543287,0.21444672,0.41938257,0.32228622,0.2834027,0.24341382,0.2588688,0.3493324,0.25489533,1.0,0.1637232,0.37983292,0.2850936,0.15423237,0.26089817,0.11815874,0.31462643,0.18688577,0.29295188,0.28818113,0.25433156,0.258853,0.27606755,0.29854512,0.14935458,0.26647773,0.2550035,0.29128847,0.28961867,0.21020097,0.44262725,0.25374004,0.2816798,0.22500078,0.23294657,0.29705536,0.12279487,0.3883168,0.14759257,0.3066354,0.12697601,0.33538574,0.12595071,0.2546007
51,0.28904688,0.23075499,0.09334154,0.07398393,0.19231075,0.19341286,0.37643644,0.20465165,0.151042,0.14480779,0.18531281,0.2408064,0.3036464,0.13185489,0.25469452,0.1740757,0.14968845,0.31507465,0.18391438,0.214309,0.08886735,-0.08090616,0.21151938,0.4013427,0.13587286,0.25901213,0.10793224,0.15825911,0.08471148,0.26646903,0.20308907,0.34261614,0.26309493,0.11650576,0.1410602,0.18624386,0.14741728,0.27172405,0.17824905,0.26841417,0.25937232,0.2398016,0.16211572,0.14759773,0.31906417,0.2446356,0.24055952,0.30814457,0.19435692,0.1637232,1.0,0.13799876,0.21296693,0.28375053,0.62573487,0.54437983,0.03143645,0.2234859,0.34080532,0.2461935,0.2835205,0.1671403,0.008016662,0.23295006,0.24156511,0.11074415,0.24169254,0.32362688,0.26205122,0.16575468,0.22542483,0.09565783,0.29454237,0.2691263,0.1102612,0.17607722,0.2732596,0.12442031,0.146192,0.24398997,0.23871367,0.10053183,0.08088294,0.22455236
52,0.05335993,0.1950377,0.30386275,0.31465766,0.060520478,0.29160917,0.17308402,0.35838306,0.09841086,0.4064649,0.12264921,0.0060635908,0.13758656,0.17960714,0.098475724,0.24253902,0.30005354,0.14572603,0.21795122,0.03330608,0.26639017,0.3084936,0.03187023,0.14285675,0.19197282,0.12210051,0.06645188,0.5261144,0.12024554,0.01615727,0.14821945,0.121929735,0.27803794,0.28438205,0.007353436,0.2675205,0.18080555,0.186958,0.04476475,0.15160096,0.13070561,0.32816535,0.3163124,0.36688143,0.08328256,0.26259267,0.19082569,0.20780239,0.19091019,0.37983292,0.13799876,1.0000001,0.17115459,-0.0058446527,0.2138703,0.10025246,0.13269868,0.124088004,0.17423424,0.20221283,0.30672434,0.1723063,0.17301211,0.21433581,0.10137257,0.16338874,0.11818411,0.23611712,0.14871897,0.28336358,0.2307568,0.20524636,0.20966056,0.043445595,0.13752343,0.08134605,0.14899683,0.29076648,0.12001536,0.20388469,0.13400763,0.1764589,0.13642415,0.11393383
53,0.3484505,0.37655064,0.18408431,0.30466616,0.36452782,0.3100191,0.31104887,0.22367042,0.44978666,0.35110125,0.2689743,0.4182367,0.30707988,0.2929403,0.35651138,0.32711878,0.13170643,0.20364368,0.4588267,0.31832093,0.3831407,0.044790853,0.2949352,0.32120278,0.48579472,0.51353586,0.30966765,0.20865326,0.30486828,0.24491538,0.271737,0.44002196,0.15900034,0.13816357,0.26156116,0.21598718,0.27880663,0.3142497,0.26081693,0.42219314,0.4356025,0.3396485,0.3740909,0.3053857,0.28475678,0.14417161,0.29386687,0.23291133,0.30576605,0.2850936,0.21296693,0.17115459,1.0,0.39768776,0.22206952,0.13080269,0.33203566,0.30322903,0.2471157,0.41625404,0.32521245,0.45425105,0.23759557,0.28884074,0.19128853,0.44437772,0.20698455,0.22027726,0.3713428,0.19687855,0.33663586,0.31382036,0.1482452,0.24731168,0.15482818,0.29343697,0.084892884,0.39748615,0.21645752,0.43652734,0.38787073,0.26060686,0.1525595,0.30202755
54,0.325008,0.32147542,0.06694764,0.12352882,0.3149789,0.20355362,0.35032624,0.040902477,0.32353148,0.3029808,0.081276976,0.46507385,0.25236323,0.16436972,0.3604051,0.1172906,0.13856243,0.058390565,0.2842438,0.49367893,0.13326363,-0.056866203,0.46341172,0.30869433,0.122742645,0.331894,0.16397442,0.04674545,0.13700162,0.3772585,0.17900763,0.31463125,0.05587617,-0.04238671,0.05575457,-0.099427536,0.14768188,0.22083029,0.12789156,0.2588433,0.29173955,0.22794613,0.27332327,0.089105554,0.2662136,0.10923334,0.19958702,0.1993391,0.13623261,0.15423237,0.28375053,-0.0058446527,0.39768776,0.99999994,0.34419984,0.09802792,0.14107913,0.4278608,0.12708254,0.26262063,0.2173262,0.3245527,0.15410954,0.14562182,0.15107857,0.2289952,0.10839292,0.13496873,0.27182615,0.19816199,0.26460046,0.18291429,0.18738154,0.25221282,0.09766936,0.3413971,0.04021459,0.2456421,0.08006826,0.24181375,0.318072,0.09118104,-0.02767014,0.3654136
55,0.33641273,0.35277525,0.25641093,0.110894084,0.10696988,0.34646592,0.32074136,0.09381853,0.14430171,0.22957025,0.22883098,0.291795,0.4372778,0.23971045,0.26492366,0.25873566,0.3215834,0.2692159,0.34401947,0.3548244,0.13185509,-0.059107278,0.28000456,0.4034849,0.06432893,0.19319084,0.11479964,0.3157865,0.09983077,0.25124687,0.25521094,0.23114996,0.2384869,0.119030856,0.13342662,0.13324496,0.22967187,0.30429298,0.24382181,0.2049046,0.31798935,0.2543417,0.27690208,0.0665621,0.33586788,0.30139568,0.13810927,0.31127682,0.3065497,0.26089817,0.62573487,0.2138703,0.22206952,0.34419984,1.0000001,0.4970175,0.21338287,0.3297171,0.51830167,0.3205329,0.33847886,0.25115252,0.11592223,0.23176147,0.2714733,0.22564751,0.3913814,0.14789939,0.3210434,0.3042794,0.1980138,0.13232672,0.38289842,0.4345754,0.18086563,0.14780407,0.24527429,0.27809376,0.19231084,0.2644564,0.32397825,0.1360755,0.004287271,0.33674228
56,0.26568958,0.20719214,0.20966232,0.038831465,0.17577209,0.052421786,0.34585893,0.14066672,0.0965813,0.15444928,0.14105879,0.16158557,0.25077078,0.2038798,0.17958789,0.17056376,0.12006519,0.28637528,0.17318448,0.15321949,0.20808733,0.030711608,0.044615872,0.2861456,0.094213024,0.16607003,0.105968945,0.18388426,0.08773118,0.19005056,0.18719016,0.23630945,0.26383212,0.17358676,0.15378128,0.10245469,0.15939462,0.18825354,0.06252551,0.15001908,0.18358587,0.27868566,0.15213886,0.120217636,0.13379343,0.19072104,0.09070384,0.20000154,0.2247637,0.11815874,0.54437983,0.10025246,0.13080269,0.09802792,0.4970175,1.0000001,0.08252175,0.08807421,0.3261391,0.275254,0.39935854,0.1408618,0.034198903,0.105883084,0.14254722,0.13087556,0.24014232,0.07259573,0.21872988,0.06684744,0.12220471,0.15434372,0.16164495,0.20607103,0.09334973,0.14096658,0.23930186,0.1540182,0.14827569,0.16329543,0.17300914,0.073515154,0.049715005,0.15580773
57,0.21941836,0.26163125,-0.00991567,0.04796254,0.06590632,0.32532954,0.15519804,0.07226189,0.10983232,0.23720434,0.11561706,0.2014125,0.19142282,0.28862616,0.31262097,0.26078793,0.25606328,0.1272802,0.29861066,0.15446547,0.23179021,0.004023083,0.19493733,0.21055761,0.29926485,0.2381151,0.18288921,0.1716408,0.32096198,0.16078544,0.031179635,0.1769264,0.054704495,0.17536044,0.21046126,0.16587228,0.24350534,0.22488913,0.22868395,0.15080126,0.2747072,0.07869435,0.26176277,0.033143576,0.35162172,0.11321209,0.3284734,0.12472232,0.26305842,0.31462643,0.03143645,0.13269868,0.33203566,0.14107913,0.21338287,0.08252175,1.0000001,0.21187405,0.16019636,0.16845405,0.10437229,0.3627144,0.10080072,0.16514534,0.059337597,0.43286481,0.1922094,0.19642878,0.32143164,0.04285632,0.21913685,0.17859606,0.1704788,0.26642627,0.15461427,0.22534046,0.107672445,0.24106792,0.1488595,0.22374167,0.12947519,0.14767458,0.06298045,0.16221732
58,0.335259,0.36300954,0.21256712,0.08606422,0.093373545,0.2599672,0.2221692,0.07096854,0.26209155,0.22272065,0.13913582,0.22501372,0.21625184,0.18247536,0.34817427,0.19737756,0.29098576,0.22275028,0.26752704,0.39624515,0.044739556,-0.063782066,0.4935491,0.3821927,0.15222852,0.3498311,0.18446517,0.13207938,0.17213103,0.2816718,0.14535436,0.269009,0.07690269,0.16656604,0.070195645,0.019144539,0.135384,0.24742824,0.16769269,0.13251038,0.31315565,0.24592298,0.27907425,0.063075826,0.3295145,0.2506019,0.18854454,0.11754028,0.21467236,0.18688577,0.2234859,0.124088004,0.30322903,0.4278608,0.3297171,0.08807421,0.21187405,1.0000001,0.072627895,0.24111333,0.3499707,0.28340676,0.15826239,0.19885005,0.2654362,0.23714298,0.06619365,0.065903686,0.33116204,0.2905455,0.314785,0.079405405,0.27795756,0.284704,0.11001623,0.19230393,0.04380118,0.24684766,0.11408718,0.2302494,0.17005076,0.06902855,-0.09771845,0.2889286
59,0.4942883,0.2156354,0.19014552,0.18206058,0.07893191,0.28986946,0.1887409,0.03332949,0.14500539,0.2123404,0.13790792,0.11271429,0.20226477,0.19335638,0.16717859,0.26561707,0.20008773,0.21652335,0.31236312,0.24431203,0.12642258,-0.13255695,0.0331867,0.23251352,0.28646806,0.18715595,0.14435044,0.18123868,0.09923814,0.07907483,0.25439808,0.16789345,0.20455502,0.05601746,0.16201764,0.16958922,0.09804893,0.14263341,0.1889031,0.17423937,0.29490158,0.25281987,0.2432891,0.18861765,0.18361251,0.19080955,0.16701373,0.2507215,0.16947296,0.29295188,0.34080532,0.17423424,0.2471157,0.12708254,0.51830167,0.3261391,0.16019636,0.072627895,1.0000002,0.21158642,0.14276049,0.17981176,0.13094139,0.25839806,0.10310604,0.16735151,0.4205508,0.11701421,0.17408526,0.24679263,0.18778054,0.27331445,0.13704267,0.25762457,0.0837454,0.13735528,0.07391778,0.2618168,0.21818295,0.26050615,0.23051377,0.27402323,0.13311553,0.23792893
60,0.34607846,0.38417578,0.24417949,0.41241735,0.18274915,0.24952838,0.3308382,0.18687113,0.28138623,0.27161467,0.26483303,0.24929114,0.43932158,0.26037362,0.17961548,0.39475602,0.16692942,0.24710785,0.27693674,0.3150522,0.38277486,0.14525044,0.27343,0.29613164,0.25175425,0.62329066,0.12031319,0.33022517,0.23025408,0.3143566,0.33621913,0.3294955,0.40960774,0.19787936,0.19742773,0.23258336,0.35665175,0.3115924,0.2530068,0.35608193,0.28588927,0.32028228,0.42203593,0.3412418,0.25884867,0.19668311,0.19057786,0.3473143,0.5077671,0.28818113,0.2461935,0.20221283,0.41625404,0.26262063,0.3205329,0.275254,0.16845405,0.24111333,0.21158642,0.9999999,0.42279962,0.3062294,0.27175215,0.17966107,0.20964009,0.22970796,0.08939987,0.11845432,0.30403027,0.4554392,0.17985192,0.24105741,0.21854708,0.2876846,0.16299981,0.3120991,0.19717042,0.43752903,0.22927426,0.4050421,0.30233958,0.17584056,0.12763616,0.30745006
61,0.33195847,0.3614867,0.2041335,0.2789295,0.13078676,0.33563516,0.30951017,0.15850218,0.3142357,0.3814165,0.15503585,0.33089077,0.3394793,0.3430596,0.2683081,0.41784397,0.18351856,0.37255412,0.37157568,0.40130582,0.26996607,0.1307606,0.26046944,0.31035003,0.17654413,0.427425,0.17210157,0.34632665,0.13401279,0.3740484,0.33102277,0.30868322,0.3837697,0.32715297,0.18194048,0.19870234,0.28138068,0.28991047,0.11641865,0.20024511,0.36274108,0.35376087,0.31515455,0.22844054,0.21573853,0.27268866,0.23802112,0.31078961,0.4605361,0.25433156,0.2835205,0.30672434,0.32521245,0.2173262,0.33847886,0.39935854,0.10437229,0.3499707,0.14276049,0.42279962,1.0000001,0.23783837,0.08572915,0.23650207,0.32520694,0.27662125,0.15660444,0.065228775,0.28898156,0.17669865,0.29541624,0.16609086,0.20806794,0.27409813,0.15891226,0.27653536,0.126252,0.4998753,0.20373197,0.3644307,0.27295333,0.20418592,0.009827897,0.39988002
62,0.27407685,0.356535,0.18253143,0.1806147,0.3086235,0.22823839,0.29285064,0.05236332,0.13479742,0.18992947,0.25451213,0.3028913,0.27673548,0.1341174,0.4344008,0.38323414,0.2743619,0.17158058,0.40962842,0.23392005,0.25186783,0.0430329,0.25609958,0.3049556,0.22345173,0.36513105,0.20697843,0.22841911,0.6288091,0.39946422,0.23296626,0.30802414,0.23867753,0.07164668,0.19150726,0.12557866,0.16128553,0.29758132,0.27618346,0.42173395,0.2339526,0.2814357,0.4113357,0.26763317,0.2687625,0.33212987,0.23527607,0.18699919,0.19183043,0.258853,0.1671403,0.1723063,0.45425105,0.3245527,0.25115252,0.1408618,0.3627144,0.28340676,0.17981176,0.3062294,0.23783837,1.0000002,0.32219532,0.23355067,0.09795508,0.3441218,0.16614264,0.2375434,0.414888,0.13110107,0.21363336,0.35047674,0.22800842,0.34737206,0.12614301,0.27603605,0.07528338,0.25406614,0.2703459,0.21075435,0.38328937,0.26508754,0.14904165,0.28049198
63,0.15517522,0.10556318,0.08181967,0.4017717,0.14942731,0.2117651,0.08081514,-0.0026300452,0.0909801,0.15874599,0.15378612,0.083050534,0.18852594,0.04353566,0.19811298,0.19478801,0.13489427,0.05565652,0.23950647,0.07441634,0.14131822,0.025794683,0.15122387,0.10968305,0.16039556,0.19114242,0.14586627,0.10957937,0.23727898,0.044909522,0.02923721,0.14533989,0.19323878,0.1158518,0.09632246,0.18731,0.102068506,0.15575354,0.17542024,0.22802612,0.24250862,0.15754798,0.3231731,0.21884671,0.049536303,0.04811097,0.18358946,0.22955029,0.16170132,0.27606755,0.008016662,0.17301211,0.23759557,0.15410954,0.11592223,0.034198903,0.10080072,0.15826239,0.13094139,0.27175215,0.08572915,0.32219532,0.99999994,0.1562133,-0.06888655,0.15268853,0.13780966,0.14032377,0.2506636,0.14065814,0.16555151,0.21261841,0.12807979,0.123819634,0.27138725,0.26394337,0.12405514,0.34394562,0.2037372,0.2565601,0.042234927,0.14724313,0.12931414,0.2067668
64,0.28856105,0.30447987,0.17223854,0.20688649,0.21198976,0.31144923,0.24418756,0.14167254,0.21246985,0.25410306,0.2456649,0.26364946,0.1824766,0.23539084,0.24751563,0.2047912,0.14559016,0.29243347,0.43921846,0.30042404,0.2406579,0.011410915,0.29257157,0.29063904,0.30570287,0.25048602,0.13077684,0.16928726,0.22978875,0.09805004,0.25552675,0.25345284,0.09510201,0.112862125,0.38739753,0.061730664,0.09442066,0.19310033,0.24087894,0.3175975,0.350117,0.16241832,0.2877018,0.20406395,0.21048161,0.13859689,0.32559136,0.1473437,0.27633744,0.29854512,0.23295006,0.21433581,0.28884074,0.14562182,0.23176147,0.105883084,0.16514534,0.19885005,0.25839806,0.17966107,0.23650207,0.23355067,0.1562133,0.9999999,0.3423799,0.3139429,0.32752866,0.17801785,0.23559088,0.10305112,0.52568305,0.1840189,0.18535131,0.20536667,0.04183739,0.32841662,0.0786781,0.3639589,0.30316308,0.26024348,0.24172637,0.19912212,0.05064319,0.3012573
65,0.22600701,0.31138176,0.27156734,0.09199771,0.15107225,0.1273069,0.3100729,0.04886998,0.2657709,0.12091866,0.20425585,0.35072684,0.26045996,0.26582158,0.19234206,0.20671676,0.2803178,0.20859845,0.23123297,0.3962656,0.11375854,-0.023485396,0.16207469,0.42340904,0.21656914,0.31905156,0.10847296,0.11926395,0.08846333,0.29296356,0.20603131,0.2318717,0.13100897,0.038085017,0.2394185,0.08991048,0.08359512,0.25553802,0.23475066,0.10923979,0.28835094,0.12139398,0.16180472,0.122541204,0.33237508,0.19756106,0.13764608,0.12066935,0.27038553,0.14935458,0.24156511,0.10137257,0.19128853,0.15107857,0.2714733,0.14254722,0.059337597,0.2654362,0.10310604,0.20964009,0.32520694,0.09795508,-0.06888655,0.3423799,1.0,0.15554072,0.18020563,-0.0055747274,0.31535298,0.2843455,0.3379652,0.01910856,0.35793036,0.12619214,-0.049022414,0.08689737,0.024213452,0.13501348,0.21614714,0.2329008,0.30524492,-0.059852317,-0.07221574,0.40398708
66,0.3087772,0.3496553,0.08563409,0.12412778,0.114783034,0.33063936,0.16520242,0.13473976,0.3324498,0.24579011,0.24069409,0.31049138,0.16372827,0.3351937,0.42620987,0.2977308,0.13447307,0.09018375,0.37789187,0.30923495,0.22399054,0.115576215,0.26204395,0.19644688,0.32447347,0.28270918,0.17303397,0.17300999,0.36736977,0.17897521,0.15268356,0.23951663,0.102303706,0.2247649,0.2754444,0.121262826,0.17666961,0.18214427,0.20079458,0.24626863,0.40093037,0.20346586,0.34061393,0.118453,0.25670388,0.10316866,0.3207698,0.0718109,0.19712295,0.26647773,0.11074415,0.16338874,0.44437772,0.2289952,0.22564751,0.13087556,0.43286481,0.23714298,0.16735151,0.22970796,0.27662125,0.3441218,0.15268853,0.3139429,0.15554072,0.9999999,0.24490412,0.1686009,0.24412921,0.11702762,0.39003503,0.094450794,0.1095662,0.2140335,0.027227834,0.4441046,0.07841914,0.33067086,0.15546645,0.34738436,0.23389028,0.17276345,0.06934032,0.23900053
67,0.25779232,0.16373095,0.12824479,0.1490924,0.22907759,0.31134793,0.22280967,0.00063446723,0.06766062,0.28612888,0.12857288,0.31702754,0.20184195,0.17536515,0.1971522,0.12230544,0.16351345,0.13604307,0.38251185,0.21578789,0.16536166,-0.14733194,0.07890249,0.13379827,0.18317443,0.061536472,0.16344444,0.22866966,0.116635755,0.13271792,0.26069054,0.17742537,0.24987508,0.059198923,0.13712311,0.19071919,0.10126063,0.20743324,0.15667301,0.24690434,0.29797137,0.14692748,0.2194623,0.15043028,0.18163806,0.14102855,0.31038862,0.3304211,0.17599835,0.2550035,0.24169254,0.11818411,0.20698455,0.10839292,0.3913814,0.24014232,0.1922094,0.06619365,0.4205508,0.08939987,0.15660444,0.16614264,0.13780966,0.32752866,0.18020563,0.24490412,1.0,0.15917477,0.2933417,0.1594291,0.26548687,0.22604674,0.22279051,0.18314613,0.107019685,0.078789786,0.2300561,0.24959601,0.29512945,0.34959415,0.35555476,0.17232132,0.2168931,0.31119215
68,0.15422693,0.18687993,0.039176017,0.20093292,0.13228631,0.24433137,0.19001827,0.25792953,0.13841465,0.16046143,0.22475342,0.07702926,0.18501635,0.08962652,0.19375128,0.17600729,0.19533013,0.10360072,0.24643019,0.05381464,0.12307614,-0.047680095,0.13202825,0.15407813,0.26714808,0.16095388,0.104048744,0.12650168,0.2882116,0.07352109,0.14494789,0.27033478,0.31701183,0.16018093,0.26922393,0.34047386,0.13163146,0.17920771,0.111452594,0.24067073,0.27141935,0.17443338,0.190678,0.26867792,0.1417574,0.25486487,0.2157166,0.31641373,0.077322505,0.29128847,0.32362688,0.23611712,0.22027726,0.13496873,0.14789939,0.07259573,0.19642878,0.065903686,0.11701421,0.11845432,0.065228775,0.2375434,0.14032377,0.17801785,-0.0055747274,0.1686009,0.15917477,0.9999999,0.22273038,0.07966451,0.25400552,0.28737873,0.22208047,0.137776,0.20762485,0.07999603,0.17086676,0.15023912,0.12797439,0.18577667,0.09608613,0.28030404,0.18721628,0.20490167
69,0.3805953,0.35732123,0.3039695,0.25395295,0.20691225,0.27381504,0.34082648,0.017355936,0.2574547,0.16489568,0.23190494,0.36826134,0.35488853,0.295156,0.41544828,0.36695182,0.47740954,0.20257989,0.42920756,0.40050805,0.19149399,-0.015935175,0.26225016,0.36137196,0.2393001,0.4292301,0.25305006,0.23818934,0.3322614,0.34593916,0.2773103,0.3374529,0.307664,0.13486682,0.17321885,0.20197332,0.24922028,0.42933586,0.2861655,0.19980556,0.3625798,0.31224746,0.3221978,0.21891445,0.4872839,0.34445924,0.2611545,0.37943208,0.40585583,0.28961867,0.26205122,0.14871897,0.3713428,0.27182615,0.3210434,0.21872988,0.32143164,0.33116204,0.17408526,0.30403027,0.28898156,0.414888,0.2506636,0.23559088,0.31535298,0.24412921,0.2933417,0.22273038,1.0000001,0.2404907,0.32114726,0.28192472,0.3696229,0.31107622,0.19571684,0.20580095,0.2647807,0.23360342,0.17055222,0.41999775,0.35071665,0.09175209,0.036093295,0.44340032
70,0.29228148,0.22580624,0.33927995,0.23586044,0.019698275,0.1882599,0.27445874,0.13412043,0.22431241,0.15337923,0.14351821,0.1330759,0.31691346,0.20347403,0.10709867,0.20187536,0.33498606,0.1125623,0.19346216,0.24226308,0.11736169,0.120503426,0.21379963,0.21258168,0.150754,0.33685896,0.13509496,0.44612026,0.12926435,0.19001277,0.23262468,0.10692144,0.19831881,0.07472595,0.020936413,0.09403905,0.23409036,0.19326094,0.11200756,0.23262806,0.20820451,0.23413822,0.23973224,0.24979419,0.23919159,0.17773788,0.115330175,0.3107378,0.34541404,0.21020097,0.16575468,0.28336358,0.19687855,0.19816199,0.3042794,0.06684744,0.04285632,0.2905455,0.24679263,0.4554392,0.17669865,0.13110107,0.14065814,0.10305112,0.2843455,0.11702762,0.1594291,0.07966451,0.2404907,1.0000002,0.16297387,0.20964913,0.28900996,0.2205666,0.03933979,0.2067719,0.15626243,0.24007882,0.13813782,0.32171658,0.36569807,0.07516062,-0.0066896244,0.23404282
71,0.36584282,0.40289357,0.15806723,0.26801705,0.24291304,0.40960133,0.3153733,0.1600079,0.24359028,0.25039008,0.24279952,0.25284344,0.16041267,0.34909368,0.28518775,0.217167,0.2756913,0.29743934,0.40692818,0.39052826,0.16218203,0.033097927,0.42119646,0.35993606,0.26738635,0.33598125,0.04661036,0.1714312,0.23597854,0.1826489,0.19234338,0.3937561,0.21518023,0.1436021,0.37354988,0.11368689,0.054748107,0.28419125,0.31214207,0.18945655,0.49884158,0.19296466,0.29675266,0.3160439,0.31002513,0.20063652,0.36455512,0.16593269,0.24021235,0.44262725,0.22542483,0.2307568,0.33663586,0.26460046,0.1980138,0.12220471,0.21913685,0.314785,0.18778054,0.17985192,0.29541624,0.21363336,0.16555151,0.52568305,0.3379652,0.39003503,0.26548687,0.25400552,0.32114726,0.16297387,1.0,0.19499277,0.31877798,0.2128166,0.1168755,0.45338315,0.12875794,0.33832765,0.23421708,0.31826797,0.20423488,0.2275589,0.08220279,0.39185554
72,0.21817072,0.2539388,0.13623482,0.27200767,0.30798793,0.19587262,0.35081446,0.32303926,0.16612415,0.22781344,0.11504803,0.20874576,0.32135636,0.31667593,0.20320407,0.338338,0.1936903,0.06304541,0.37783346,0.17021292,0.33238643,0.107502505,0.083221175,0.08329582,0.256877,0.28179497,0.30610663,0.35043976,0.27313438,0.14998458,0.28127027,0.25795442,0.27589768,0.036873348,0.27144006,0.24246135,0.24945384,0.20530437,0.117141634,0.33630198,0.2258715,0.39204085,0.35670033,0.54707813,0.14704861,0.26070327,0.25434846,0.37586364,0.13018095,0.25374004,0.09565783,0.20524636,0.31382036,0.18291429,0.13232672,0.15434372,0.17859606,0.079405405,0.27331445,0.24105741,0.16609086,0.35047674,0.21261841,0.1840189,0.01910856,0.094450794,0.22604674,0.28737873,0.28192472,0.20964913,0.19499277,1.0000001,0.17128997,0.25233486,0.24577792,0.14023134,0.12412936,0.2190614,0.23243044,0.38764885,0.22830102,0.29132503,0.3626241,0.1268294
73,0.30500382,0.35188323,0.18831648,0.19771856,0.13950591,0.41129643,0.22468363,0.10133601,0.14799935,0.19846793,0.24468383,0.2863926,0.40561897,0.24300392,0.31075764,0.18455875,0.44578233,0.23987374,0.2819507,0.32010683,0.13461685,0.07148881,0.24382605,0.36866432,0.032807183,0.23664403,0.0712216,0.2911746,0.2683193,0.26421648,0.27945143,0.3082379,0.24109496,0.04394302,0.17065077,0.30288005,0.14914466,0.31476387,0.16900858,0.14404543,0.39301252,0.13851283,0.31795275,0.16212401,0.38993794,0.2740056,0.14784588,0.2394267,0.22489998,0.2816798,0.29454237,0.20966056,0.1482452,0.18738154,0.38289842,0.16164495,0.1704788,0.27795756,0.13704267,0.21854708,0.20806794,0.22800842,0.12807979,0.18535131,0.35793036,0.1095662,0.22279051,0.22208047,0.3696229,0.28900996,0.31877798,0.17128997,1.0000002,0.35802495,0.08402769,0.031149365,0.08765532,0.14686121,0.065815724,0.3696261,0.2897059,0.18256968,0.0010925124,0.2627523
74,0.45075193,0.32128468,0.21901387,0.09396745,0.07666325,0.2832275,0.3110409,0.08980896,0.0894523,0.18097357,0.22585572,0.23087153,0.36986768,0.20212626,0.25768945,0.42006624,0.34630933,0.24522118,0.25375557,0.33302963,0.12347539,-0.050165076,0.27982777,0.37425125,0.08398773,0.35796544,0.21665448,0.23196769,0.24509364,0.40151048,0.31290248,0.25968152,0.2653565,0.1193234,0.16411543,0.10071212,0.1590247,0.41182566,0.38671452,0.2085462,0.38040948,0.25965303,0.31143534,0.118849784,0.3228382,0.2857209,0.18892072,0.24229906,0.346165,0.22500078,0.2691263,0.043445595,0.24731168,0.25221282,0.4345754,0.20607103,0.26642627,0.284704,0.25762457,0.2876846,0.27409813,0.34737206,0.123819634,0.20536667,0.12619214,0.2140335,0.18314613,0.137776,0.31107622,0.2205666,0.2128166,0.25233486,0.35802495,1.0000001,0.09911071,0.15167636,0.12447911,0.22441857,0.15086412,0.30711767,0.36241457,0.13598287,0.05286862,0.32807446
75,0.07310248,0.13233145,0.018333323,0.4395928,0.11255025,0.16467014,0.12317456,0.06594186,0.07822875,0.13463217,0.020113545,0.045440443,0.21418694,0.06916045,0.16765086,0.17036214,0.10990623,0.13855727,0.25530678,0.10493508,0.12875864,0.030958546,0.13936067,0.12796739,0.10353352,0.17582357,0.22073254,0.081033476,0.20898947,0.057739973,-0.007245306,0.05157676,0.12488793,0.12518343,0.10517831,0.1587939,0.1243667,0.17213598,0.1400711,0.047707725,0.09782594,-0.00661554,0.11874969,0.2125618,0.10197511,0.1360012,0.17731597,0.17364372,0.09707305,0.23294657,0.1102612,0.13752343,0.15482818,0.09766936,0.18086563,0.09334973,0.15461427,0.11001623,0.0837454,0.16299981,0.15891226,0.12614301,0.27138725,0.04183739,-0.049022414,0.027227834,0.107019685,0.20762485,0.19571684,0.03933979,0.1168755,0.24577792,0.08402769,0.09911071,1.0,0.109019086,0.114339404,0.24107279,0.185107,0.20229633,0.15925552,0.19747604,0.15776163,0.1502675
76,0.26338324,0.25475508,-0.0102687925,0.18440787,0.18206936,0.26452932,0.25034395,-0.026885647,0.24449018,0.1938054,0.17295256,0.1756212,0.10318084,0.21676256,0.19630688,0.1602658,0.09436127,0.088302255,0.21623331,0.26833948,0.15007475,0.035007667,0.36859646,0.25677195,0.17399509,0.28146803,0.051590465,0.18067332,0.23720819,0.19634625,0.09267162,0.20616505,0.14235777,0.15471543,0.23006126,-0.009677693,0.15757102,0.10621778,0.13540144,0.3242043,0.24876833,0.11287563,0.30580485,0.15017651,0.21981572,-0.032689676,0.30618507,0.17040761,0.18276522,0.29705536,0.17607722,0.08134605,0.29343697,0.3413971,0.14780407,0.14096658,0.22534046,0.19230393,0.13735528,0.3120991,0.27653536,0.27603605,0.26394337,0.32841662,0.08689737,0.4441046,0.078789786,0.07999603,0.20580095,0.2067719,0.45338315,0.14023134,0.031149365,0.15167636,0.109019086,1.0000002,0.17909403,0.34567192,0.18870252,0.16327772,0.17714193,0.18615788,0.07991104,0.2843193
77,0.15359317,0.08330937,0.047380798,0.11088979,0.09881111,0.20422329,0.14140017,-0.021191254,0.050363384,0.10044761,0.22613983,0.04423506,0.089299835,0.053331025,0.1264771,0.045680285,0.09871481,0.18443787,0.07510894,0.059326716,0.07702377,0.109282166,0.07880503,0.120375484,0.19871625,0.084861316,0.012072704,0.17780125,0.054626167,-0.055985592,0.09607208,0.13449325,0.3519165,0.14118282,0.0357171,0.19753405,0.24096376,0.22465101,0.1203191,0.12879495,0.13147818,0.094698384,0.080153994,0.21457903,0.049816508,0.050016448,0.043890014,0.30756217,0.0996373,0.12279487,0.2732596,0.14899683,0.084892884,0.04021459,0.24527429,0.23930186,0.107672445,0.04380118,0.07391778,0.19717042,0.126252,0.07528338,0.12405514,0.0786781,0.024213452,0.07841914,0.2300561,0.17086676,0.2647807,0.15626243,0.12875794,0.12412936,0.08765532,0.12447911,0.114339404,0.17909403,0.9999999,0.14066014,0.14616458,0.12464733,0.05934375,0.034990035,0.07065335,0.13190193
78,0.30036432,0.25311884,0.11690368,0.3694477,0.16926843,0.45839354,0.20311457,0.11793749,0.25787127,0.48823476,0.108364,0.17279193,0.33599383,0.258203,0.23565257,0.28835407,0.18871552,0.18115549,0.4901631,0.30019596,0.27316776,0.02516291,0.3379359,0.17356387,0.26890147,0.3599664,0.22748837,0.2586856,0.22448862,0.10891433,0.20876811,0.33420855,0.31314972,0.18732232,0.22871514,0.21140045,0.3200709,0.15945956,0.07779417,0.25006706,0.416968,0.30119878,0.37318662,0.18714625,0.13259879,0.07444164,0.24875307,0.291601,0.5295184,0.3883168,0.12442031,0.29076648,0.39748615,0.2456421,0.27809376,0.1540182,0.24106792,0.24684766,0.2618168,0.43752903,0.4998753,0.25406614,0.34394562,0.3639589,0.13501348,0.33067086,0.24959601,0.15023912,0.23360342,0.24007882,0.33832765,0.2190614,0.14686121,0.22441857,0.24107279,0.34567192,0.14066014,0.99999994,0.2323073,0.44743103,0.16012701,0.22536163,0.0740131,0.3825932
79,0.14066125,0.24961281,0.14045772,0.20606998,0.16950431,0.13171455,0.29403788,0.084296934,0.072647184,0.100805104,0.13732019,0.1181747,0.14046857,0.16470513,0.08314211,0.30761844,0.12756708,0.101633355,0.21847859,0.15029636,0.10473065,-0.034195278,0.111674234,0.31524983,0.34677327,0.16933028,0.073544346,0.14125316,0.11528964,0.17327599,0.17444748,0.1254558,0.26296782,0.15612715,0.24315119,0.10419361,-0.018365432,0.26372626,0.2930174,0.47602227,0.21212353,0.09434675,0.23619008,0.2683031,0.062828526,0.08505647,0.22965318,0.11896648,0.18701628,0.14759257,0.146192,0.12001536,0.21645752,0.08006826,0.19231084,0.14827569,0.1488595,0.11408718,0.21818295,0.22927426,0.20373197,0.2703459,0.2037372,0.30316308,0.21614714,0.15546645,0.29512945,0.12797439,0.17055222,0.13813782,0.23421708,0.23243044,0.065815724,0.15086412,0.185107,0.18870252,0.14616458,0.2323073,1.0000001,0.12176456,0.17894232,0.17645822,0.25577724,0.3141779
80,0.39074078,0.34566253,0.1770032,0.29950488,0.21979426,0.46249816,0.29656234,0.21776138,0.32239944,0.42870665,0.20585924,0.40148747,0.35871583,0.34962183,0.43544284,0.30070406,0.30357102,0.18729036,0.4938964,0.39046222,0.19717157,0.08971883,0.22334258,0.19835474,0.2656949,0.45107478,0.28657067,0.36239684,0.270947,0.25374672,0.36919793,0.4555447,0.2788191,0.05763585,0.23219618,0.20898697,0.25693113,0.257027,0.2184971,0.16061789,0.6552359,0.37242875,0.37259927,0.25502065,0.30301082,0.23278284,0.31305,0.38197806,0.35763893,0.3066354,0.24398997,0.20388469,0.43652734,0.24181375,0.2644564,0.16329543,0.22374167,0.2302494,0.26050615,0.4050421,0.3644307,0.21075435,0.2565601,0.26024348,0.2329008,0.34738436,0.34959415,0.18577667,0.41999775,0.32171658,0.31826797,0.38764885,0.3696261,0.30711767,0.20229633,0.16327772,0.12464733,0.44743103,0.12176456,1.0000001,0.41217497,0.23233286,0.078394316,0.34122965
81,0.3003582,0.32942444,0.22450364,0.19632453,0.3066458,0.23061982,0.34929723,0.107958674,0.18193676,0.1734168,0.16458704,0.3847732,0.30570817,0.1792067,0.36773756,0.27073148,0.25018248,0.15169367,0.3280932,0.3175017,0.17474574,-0.0104054585,0.27659023,0.38321772,0.13182335,0.36251175,0.27806747,0.3351889,0.22673196,0.3988663,0.25687435,0.30064854,0.16041617,0.013068434,0.19409144,0.09272854,0.10930668,0.33680698,0.18128252,0.26988176,0.22351758,0.18828595,0.2046589,0.18098317,0.30408132,0.25127792,0.27766296,0.1955744,0.2047313,0.12697601,0.23871367,0.13400763,0.38787073,0.318072,0.32397825,0.17300914,0.12947519,0.17005076,0.23051377,0.30233958,0.27295333,0.38328937,0.042234927,0.24172637,0.30524492,0.23389028,0.35555476,0.09608613,0.35071665,0.36569807,0.20423488,0.22830102,0.2897059,0.36241457,0.15925552,0.17714193,0.05934375,0.16012701,0.17894232,0.41217497,1.0000001,0.21881248,0.010655817,0.28671318
82,0.21024546,0.24325727,0.03241223,0.22635637,0.19009429,0.2813869,0.12233759,0.1640307,0.10539362,0.21077055,0.07232321,0.15343376,0.23720789,0.15904425,0.16269208,0.17398967,0.18005519,0.24586387,0.42848814,0.14238526,0.15334247,0.113339126,0.105583474,-0.010379013,0.118571386,0.14719962,0.24112377,0.21515982,0.20668945,0.110835746,0.27508482,0.24757776,0.18191634,0.13688774,0.2220885,0.13858593,0.0818937,0.17728305,0.04246544,0.16481772,0.14026505,0.1756748,0.23923662,0.31836015,0.040691573,0.22794998,0.22900459,0.26945212,0.06520978,0.33538574,0.10053183,0.1764589,0.26060686,0.09118104,0.1360755,0.073515154,0.14767458,0.06902855,0.27402323,0.17584056,0.20418592,0.26508754,0.14724313,0.19912212,-0.059852317,0.17276345,0.17232132,0.28030404,0.09175209,0.07516062,0.2275589,0.29132503,0.18256968,0.13598287,0.19747604,0.18615788,0.034990035,0.22536163,0.17645822,0.23233286,0.21881248,1.0,0.30779207,0.15491384
83,0.055776913,0.08085437,0.041057784,0.14488843,0.12867552,0.05733645,0.080427356,0.21471485,0.0074563976,0.10273376,-0.043955132,0.04480825,0.15288047,0.06252884,-0.008695671,0.08929412,-0.027709436,0.06722014,0.11911909,-0.016802337,0.40477467,0.07510979,-0.056166906,-0.068581164,0.15864316,0.11431478,0.15235716,0.1526057,0.19423959,0.0030776132,0.1355342,0.071624875,0.21523565,-0.013234125,0.1567249,0.27220333,0.09750418,0.13203442,0.09867335,0.29595712,0.016849842,0.06000739,0.18884525,0.42253134,0.028368957,0.15874958,0.29664686,0.09266473,0.052485608,0.12595071,0.08088294,0.13642415,0.1525595,-0.02767014,0.004287271,0.049715005,0.06298045,-0.09771845,0.13311553,0.12763616,0.009827897,0.14904165,0.12931414,0.05064319,-0.07221574,0.06934032,0.2168931,0.18721628,0.036093295,-0.0066896244,0.08220279,0.3626241,0.0010925124,0.05286862,0.15776163,0.07991104,0.07065335,0.0740131,0.25577724,0.078394316,0.010655817,0.30779207,0.9999999,0.026902065
84,0.47915834,0.38384262,0.26069564,0.22204244,0.20021585,0.28235373,0.4115871,0.014426267,0.25191116,0.21273714,0.20290011,0.3789758,0.35552266,0.24356858,0.22628555,0.37615955,0.40425277,0.34524223,0.36759675,0.52009165,0.096031114,0.012618399,0.25919467,0.404054,0.22100647,0.32234925,0.12887517,0.19961318,0.23937395,0.42030764,0.3220305,0.27416205,0.24781214,0.092409626,0.13312514,0.08164966,0.12625986,0.47205386,0.3726184,0.15761831,0.44785094,0.13822462,0.359717,0.20790584,0.34392357,0.220332,0.18346389,0.30713457,0.30807626,0.2546007,0.22455236,0.11393383,0.30202755,0.3654136,0.33674228,0.15580773,0.16221732,0.2889286,0.23792893,0.30745006,0.39988002,0.28049198,0.2067668,0.3012573,0.40398708,0.23900053,0.31119215,0.20490167,0.44340032,0.23404282,0.39185554,0.1268294,0.2627523,0.32807446,0.1502675,0.2843193,0.13190193,0.3825932,0.3141779,0.34122965,0.28671318,0.15491384,0.026902065,1.0
